/*
 Navicat Premium Data Transfer

 Source Server         : 10.0.0.85_root
 Source Server Type    : MySQL
 Source Server Version : 50718
 Source Host           : 10.0.0.85:3306
 Source Schema         : quality

 Target Server Type    : MySQL
 Target Server Version : 50718
 File Encoding         : 65001

 Date: 26/03/2019 11:00:53
*/

SET NAMES utf8mb4;
SET FOREIGN_KEY_CHECKS = 0;

-- ----------------------------
-- Table structure for quality_exec_record
-- ----------------------------
DROP TABLE IF EXISTS `quality_exec_record`;
CREATE TABLE `quality_exec_record`  (
  `EXECID` varchar(255) CHARACTER SET utf8 COLLATE utf8_general_ci NOT NULL,
  `RENTERID` varchar(255) CHARACTER SET utf8 COLLATE utf8_general_ci NULL DEFAULT NULL,
  `NAME` varchar(255) CHARACTER SET utf8 COLLATE utf8_general_ci NULL DEFAULT NULL,
  `TYPE` varchar(255) CHARACTER SET utf8 COLLATE utf8_general_ci NULL DEFAULT NULL,
  `STATUS` varchar(255) CHARACTER SET utf8 COLLATE utf8_general_ci NULL DEFAULT NULL,
  `OPERATOR` varchar(255) CHARACTER SET utf8 COLLATE utf8_general_ci NULL DEFAULT NULL,
  `BEGIN` datetime(0) NULL DEFAULT NULL,
  `END` datetime(0) NULL DEFAULT NULL,
  `READLINES` bigint(20) NULL DEFAULT NULL,
  `WRITELINES` bigint(20) NULL DEFAULT NULL,
  `OTHERLINES` varchar(255) CHARACTER SET utf8 COLLATE utf8_general_ci NULL DEFAULT NULL,
  `SUCCESSFAILTIMES` varchar(255) CHARACTER SET utf8 COLLATE utf8_general_ci NULL DEFAULT NULL,
  `CONFIGURATION` text CHARACTER SET utf8 COLLATE utf8_general_ci NULL,
  `OUTPUTSOURCE` varchar(255) CHARACTER SET utf8 COLLATE utf8_general_ci NULL DEFAULT NULL,
  PRIMARY KEY (`EXECID`) USING BTREE
) ENGINE = InnoDB CHARACTER SET = utf8 COLLATE = utf8_general_ci ROW_FORMAT = Dynamic;

-- ----------------------------
-- Records of quality_exec_record
-- ----------------------------
INSERT INTO `quality_exec_record` VALUES ('01845c6c534848a1bafc09861e5101ac', '528', '冗余', 'trans_history', 'Failed', 'new88', '2019-03-20 16:42:10', '2019-03-20 16:42:10', NULL, NULL, NULL, '0/0', '{\"engineType\":\"default\",\"engineName\":\"Default-Local\",\"clearingLog\":true,\"safeMode\":false,\"gatherMetrics\":true,\"logLevel\":\"Basic\",\"params\":{\"engineType\":\"default\",\"breakpointsContinueEnable\":\"true\",\"engineName\":\"Default-Local\",\"rebootAutoRun\":\"true\",\"breakpointsforceLocal\":\"false\",\"breakpointsRemote\":\"false\"},\"variables\":{},\"startCopyName\":null,\"rebootAutoRun\":true,\"breakpointsContinue\":true,\"breakpointsRemote\":false,\"forceLocal\":false}', NULL);
INSERT INTO `quality_exec_record` VALUES ('07cc1e29dfdf4fe6a9ff66aac07116a5', '528', 'dddddddd', 'trans_history', 'Finished', 'new88', '2019-03-21 17:20:42', '2019-03-21 17:20:43', 0, 0, '0:0:0:0', '0/0', '{\"engineType\":\"default\",\"engineName\":\"Default-Local\",\"clearingLog\":true,\"safeMode\":false,\"gatherMetrics\":true,\"logLevel\":\"Basic\",\"params\":{\"engineType\":\"default\",\"breakpointsContinueEnable\":\"true\",\"engineName\":\"Default-Local\",\"rebootAutoRun\":\"true\",\"breakpointsforceLocal\":\"false\",\"breakpointsRemote\":\"false\"},\"variables\":{},\"startCopyName\":null,\"rebootAutoRun\":true,\"breakpointsContinue\":true,\"breakpointsRemote\":false,\"forceLocal\":false}', NULL);
INSERT INTO `quality_exec_record` VALUES ('0890c8195c004b989be218239121b935', '528', '冗余', 'trans_history', 'Finished', 'new88', '2019-03-21 15:59:50', '2019-03-21 15:59:52', 1, 1, '1250:0:0:0', '0/0', '{\"engineType\":\"default\",\"engineName\":\"Default-Local\",\"clearingLog\":true,\"safeMode\":false,\"gatherMetrics\":true,\"logLevel\":\"Basic\",\"params\":{\"engineType\":\"default\",\"breakpointsContinueEnable\":\"true\",\"engineName\":\"Default-Local\",\"rebootAutoRun\":\"true\",\"breakpointsforceLocal\":\"false\",\"breakpointsRemote\":\"false\"},\"variables\":{},\"startCopyName\":null,\"rebootAutoRun\":true,\"breakpointsContinue\":true,\"breakpointsRemote\":false,\"forceLocal\":false}', NULL);
INSERT INTO `quality_exec_record` VALUES ('11c379cccf2d47aeb66e6ff1e8b469b9', '528', '冗余', 'trans_history', 'Failed', 'new88', '2019-03-21 15:40:01', '2019-03-21 15:40:01', NULL, NULL, NULL, '0/0', '{\"engineType\":\"default\",\"engineName\":\"Default-Local\",\"clearingLog\":true,\"safeMode\":false,\"gatherMetrics\":true,\"logLevel\":\"Basic\",\"params\":{\"engineType\":\"default\",\"breakpointsContinueEnable\":\"true\",\"engineName\":\"Default-Local\",\"rebootAutoRun\":\"true\",\"breakpointsforceLocal\":\"false\",\"breakpointsRemote\":\"false\"},\"variables\":{},\"startCopyName\":null,\"rebootAutoRun\":true,\"breakpointsContinue\":true,\"breakpointsRemote\":false,\"forceLocal\":false}', NULL);
INSERT INTO `quality_exec_record` VALUES ('225a99532ef64c86a244474f05b1a5b7', '528', '冗余222', 'trans_history', 'Failed', 'new88', '2019-03-21 10:46:27', '2019-03-21 10:46:28', NULL, NULL, NULL, '0/0', '{\"engineType\":\"default\",\"engineName\":\"Default-Local\",\"clearingLog\":true,\"safeMode\":false,\"gatherMetrics\":true,\"logLevel\":\"Basic\",\"params\":{\"engineType\":\"default\",\"breakpointsContinueEnable\":\"true\",\"engineName\":\"Default-Local\",\"rebootAutoRun\":\"true\",\"breakpointsforceLocal\":\"false\",\"breakpointsRemote\":\"false\"},\"variables\":{},\"startCopyName\":null,\"rebootAutoRun\":true,\"breakpointsContinue\":true,\"breakpointsRemote\":false,\"forceLocal\":false}', NULL);
INSERT INTO `quality_exec_record` VALUES ('22e00b39006146d2bf7973a04ea45da6', '528', '冗余', 'trans_history', 'Failed', 'new88', '2019-03-20 16:45:13', '2019-03-20 16:45:13', NULL, NULL, NULL, '0/0', '{\"engineType\":\"default\",\"engineName\":\"Default-Local\",\"clearingLog\":true,\"safeMode\":false,\"gatherMetrics\":true,\"logLevel\":\"Basic\",\"params\":{\"engineType\":\"default\",\"breakpointsContinueEnable\":\"true\",\"engineName\":\"Default-Local\",\"rebootAutoRun\":\"true\",\"breakpointsforceLocal\":\"false\",\"breakpointsRemote\":\"false\"},\"variables\":{},\"startCopyName\":null,\"rebootAutoRun\":true,\"breakpointsContinue\":true,\"breakpointsRemote\":false,\"forceLocal\":false}', NULL);
INSERT INTO `quality_exec_record` VALUES ('28798f28addd491fa7a4342d22402555', '528', '说的', 'trans_history', 'Failed', 'new88', '2019-03-21 16:42:59', '2019-03-21 16:42:59', NULL, NULL, NULL, '0/0', '{\"engineType\":\"default\",\"engineName\":\"Default-Local\",\"clearingLog\":true,\"safeMode\":false,\"gatherMetrics\":true,\"logLevel\":\"Basic\",\"params\":{\"engineType\":\"default\",\"breakpointsContinueEnable\":\"true\",\"engineName\":\"Default-Local\",\"rebootAutoRun\":\"true\",\"breakpointsforceLocal\":\"false\",\"breakpointsRemote\":\"false\"},\"variables\":{},\"startCopyName\":null,\"rebootAutoRun\":true,\"breakpointsContinue\":true,\"breakpointsRemote\":false,\"forceLocal\":false}', NULL);
INSERT INTO `quality_exec_record` VALUES ('29d0c6d8bd5c4345a891b523ae7589e4', '528', '冗余', 'trans_history', 'Finished', 'new88', '2019-03-21 16:27:54', '2019-03-21 16:27:55', 1, 1, '1133:0:0:0', '0/0', '{\"engineType\":\"default\",\"engineName\":\"Default-Local\",\"clearingLog\":true,\"safeMode\":false,\"gatherMetrics\":true,\"logLevel\":\"Basic\",\"params\":{\"engineType\":\"default\",\"breakpointsContinueEnable\":\"true\",\"engineName\":\"Default-Local\",\"rebootAutoRun\":\"true\",\"breakpointsforceLocal\":\"false\",\"breakpointsRemote\":\"false\"},\"variables\":{},\"startCopyName\":null,\"rebootAutoRun\":true,\"breakpointsContinue\":true,\"breakpointsRemote\":false,\"forceLocal\":false}', NULL);
INSERT INTO `quality_exec_record` VALUES ('2aee0786a9074129a02af8745ecb4224', '443', 'etl61', 'trans_history', 'Finished', 'xionghan1', '2019-03-21 10:58:07', '2019-03-21 10:58:08', 81, 81, '20:0:0:0', '0/0', '{\"engineType\":\"default\",\"engineName\":\"Default-Local\",\"clearingLog\":true,\"safeMode\":false,\"gatherMetrics\":true,\"logLevel\":\"Basic\",\"params\":{\"engineType\":\"default\",\"breakpointsContinueEnable\":\"true\",\"engineName\":\"Default-Local\",\"rebootAutoRun\":\"true\",\"breakpointsforceLocal\":\"false\",\"breakpointsRemote\":\"false\"},\"variables\":{},\"startCopyName\":null,\"rebootAutoRun\":true,\"breakpointsContinue\":true,\"breakpointsRemote\":false,\"forceLocal\":false}', NULL);
INSERT INTO `quality_exec_record` VALUES ('2b813ca8874440118341669faed1db1d', '528', '冗余', 'trans_history', 'Finished', 'new88', '2019-03-21 16:02:13', '2019-03-21 16:02:14', 1, 1, '1132:0:0:0', '0/0', '{\"engineType\":\"default\",\"engineName\":\"Default-Local\",\"clearingLog\":true,\"safeMode\":false,\"gatherMetrics\":true,\"logLevel\":\"Basic\",\"params\":{\"engineType\":\"default\",\"breakpointsContinueEnable\":\"true\",\"engineName\":\"Default-Local\",\"rebootAutoRun\":\"true\",\"breakpointsforceLocal\":\"false\",\"breakpointsRemote\":\"false\"},\"variables\":{},\"startCopyName\":null,\"rebootAutoRun\":true,\"breakpointsContinue\":true,\"breakpointsRemote\":false,\"forceLocal\":false}', NULL);
INSERT INTO `quality_exec_record` VALUES ('2ceaf8347c7e4c898e6fff445e96d676', '528', '冗余', 'trans_history', 'Failed', 'new88', '2019-03-21 15:41:26', '2019-03-21 15:41:26', NULL, NULL, NULL, '0/0', '{\"engineType\":\"default\",\"engineName\":\"Default-Local\",\"clearingLog\":true,\"safeMode\":false,\"gatherMetrics\":true,\"logLevel\":\"Basic\",\"params\":{\"engineType\":\"default\",\"breakpointsContinueEnable\":\"true\",\"engineName\":\"Default-Local\",\"rebootAutoRun\":\"true\",\"breakpointsforceLocal\":\"false\",\"breakpointsRemote\":\"false\"},\"variables\":{},\"startCopyName\":null,\"rebootAutoRun\":true,\"breakpointsContinue\":true,\"breakpointsRemote\":false,\"forceLocal\":false}', NULL);
INSERT INTO `quality_exec_record` VALUES ('2ddbaf4db008480d8911dc64e36a80a5', '528', '冗余', 'trans_history', 'Finished', 'new88', '2019-03-21 15:55:47', '2019-03-21 15:55:49', 1, 1, '1250:0:0:0', '0/0', '{\"engineType\":\"default\",\"engineName\":\"Default-Local\",\"clearingLog\":true,\"safeMode\":false,\"gatherMetrics\":true,\"logLevel\":\"Basic\",\"params\":{\"engineType\":\"default\",\"breakpointsContinueEnable\":\"true\",\"engineName\":\"Default-Local\",\"rebootAutoRun\":\"true\",\"breakpointsforceLocal\":\"false\",\"breakpointsRemote\":\"false\"},\"variables\":{},\"startCopyName\":null,\"rebootAutoRun\":true,\"breakpointsContinue\":true,\"breakpointsRemote\":false,\"forceLocal\":false}', NULL);
INSERT INTO `quality_exec_record` VALUES ('2fdec96f5a434e5ba46f74336df79bb9', '528', '冗余', 'trans_history', 'Failed', 'new88', '2019-03-21 15:40:49', '2019-03-21 15:40:50', NULL, NULL, NULL, '0/0', '{\"engineType\":\"default\",\"engineName\":\"Default-Local\",\"clearingLog\":true,\"safeMode\":false,\"gatherMetrics\":true,\"logLevel\":\"Basic\",\"params\":{\"engineType\":\"default\",\"breakpointsContinueEnable\":\"true\",\"engineName\":\"Default-Local\",\"rebootAutoRun\":\"true\",\"breakpointsforceLocal\":\"false\",\"breakpointsRemote\":\"false\"},\"variables\":{},\"startCopyName\":null,\"rebootAutoRun\":true,\"breakpointsContinue\":true,\"breakpointsRemote\":false,\"forceLocal\":false}', NULL);
INSERT INTO `quality_exec_record` VALUES ('30895cbae2b6494ab7c9b71db968980f', '528', '冗余222', 'trans_history', 'Failed', 'new88', '2019-03-21 16:40:27', '2019-03-21 16:40:27', NULL, NULL, NULL, '0/0', '{\"engineType\":\"default\",\"engineName\":\"Default-Local\",\"clearingLog\":true,\"safeMode\":false,\"gatherMetrics\":true,\"logLevel\":\"Basic\",\"params\":{\"engineType\":\"default\",\"breakpointsContinueEnable\":\"true\",\"engineName\":\"Default-Local\",\"rebootAutoRun\":\"true\",\"breakpointsforceLocal\":\"false\",\"breakpointsRemote\":\"false\"},\"variables\":{},\"startCopyName\":null,\"rebootAutoRun\":true,\"breakpointsContinue\":true,\"breakpointsRemote\":false,\"forceLocal\":false}', NULL);
INSERT INTO `quality_exec_record` VALUES ('311eb2898f564cf9ade7b18f5fd18a80', '443', 'etl61', 'trans_history', 'Finished', 'xionghan1', '2019-03-21 18:33:25', '2019-03-21 18:33:27', 81, 81, '20:0:0:0', '0/0', '{\"engineType\":\"default\",\"engineName\":\"Default-Local\",\"clearingLog\":true,\"safeMode\":false,\"gatherMetrics\":true,\"logLevel\":\"Basic\",\"params\":{\"engineType\":\"default\",\"breakpointsContinueEnable\":\"true\",\"engineName\":\"Default-Local\",\"rebootAutoRun\":\"true\",\"breakpointsforceLocal\":\"false\",\"breakpointsRemote\":\"false\"},\"variables\":{},\"startCopyName\":null,\"rebootAutoRun\":true,\"breakpointsContinue\":true,\"breakpointsRemote\":false,\"forceLocal\":false}', NULL);
INSERT INTO `quality_exec_record` VALUES ('31feccdd8a9f42d2a72c740762d5722f', '528', 'dddddddd', 'trans_history', 'Finished', 'new88', '2019-03-21 17:55:28', '2019-03-21 17:55:29', 0, 0, '0:0:0:0', '0/0', '{\"engineType\":\"default\",\"engineName\":\"Default-Local\",\"clearingLog\":true,\"safeMode\":false,\"gatherMetrics\":true,\"logLevel\":\"Basic\",\"params\":{\"engineType\":\"default\",\"breakpointsContinueEnable\":\"true\",\"engineName\":\"Default-Local\",\"rebootAutoRun\":\"true\",\"breakpointsforceLocal\":\"false\",\"breakpointsRemote\":\"false\"},\"variables\":{},\"startCopyName\":null,\"rebootAutoRun\":true,\"breakpointsContinue\":true,\"breakpointsRemote\":false,\"forceLocal\":false}', NULL);
INSERT INTO `quality_exec_record` VALUES ('320bb04829ef488d97e95a436cc03fdc', '528', 'NEW11分析', 'trans_history', 'Finished', 'new88', '2019-03-20 14:45:42', '2019-03-20 14:45:44', 4, 4, '4:0:0:0', '0/0', '{\"engineType\":\"default\",\"engineName\":\"Default-Local\",\"clearingLog\":true,\"safeMode\":false,\"gatherMetrics\":true,\"logLevel\":\"Basic\",\"params\":{\"engineType\":\"default\",\"breakpointsContinueEnable\":\"true\",\"engineName\":\"Default-Local\",\"rebootAutoRun\":\"true\",\"breakpointsforceLocal\":\"false\",\"breakpointsRemote\":\"false\"},\"variables\":{},\"startCopyName\":null,\"rebootAutoRun\":true,\"breakpointsContinue\":true,\"breakpointsRemote\":false,\"forceLocal\":false}', NULL);
INSERT INTO `quality_exec_record` VALUES ('33da749a6f504acc88bd62b1ec839189', '528', '冗余222', 'trans_history', 'Failed', 'new88', '2019-03-21 17:33:35', '2019-03-21 17:33:36', NULL, NULL, NULL, '0/0', '{\"engineType\":\"default\",\"engineName\":\"Default-Local\",\"clearingLog\":true,\"safeMode\":false,\"gatherMetrics\":true,\"logLevel\":\"Basic\",\"params\":{\"engineType\":\"default\",\"breakpointsContinueEnable\":\"true\",\"engineName\":\"Default-Local\",\"rebootAutoRun\":\"true\",\"breakpointsforceLocal\":\"false\",\"breakpointsRemote\":\"false\"},\"variables\":{},\"startCopyName\":null,\"rebootAutoRun\":true,\"breakpointsContinue\":true,\"breakpointsRemote\":false,\"forceLocal\":false}', NULL);
INSERT INTO `quality_exec_record` VALUES ('3d063d8575b34dff909c6260c16ee522', '528', '冗余', 'trans_history', 'Finished', 'new88', '2019-03-21 15:53:37', '2019-03-21 15:53:38', 1, 1, '45:0:0:0', '0/0', '{\"engineType\":\"default\",\"engineName\":\"Default-Local\",\"clearingLog\":true,\"safeMode\":false,\"gatherMetrics\":true,\"logLevel\":\"Basic\",\"params\":{\"engineType\":\"default\",\"breakpointsContinueEnable\":\"true\",\"engineName\":\"Default-Local\",\"rebootAutoRun\":\"true\",\"breakpointsforceLocal\":\"false\",\"breakpointsRemote\":\"false\"},\"variables\":{},\"startCopyName\":null,\"rebootAutoRun\":true,\"breakpointsContinue\":true,\"breakpointsRemote\":false,\"forceLocal\":false}', NULL);
INSERT INTO `quality_exec_record` VALUES ('3e956578cfb84bcaba75814d6e92ad9e', '528', 'NEW11分析', 'trans_history', 'Finished', 'new88', '2019-03-20 15:19:08', '2019-03-20 15:19:09', 4, 4, '4:0:0:0', '0/0', '{\"engineType\":\"default\",\"engineName\":\"Default-Local\",\"clearingLog\":true,\"safeMode\":false,\"gatherMetrics\":true,\"logLevel\":\"Basic\",\"params\":{\"engineType\":\"default\",\"breakpointsContinueEnable\":\"true\",\"engineName\":\"Default-Local\",\"rebootAutoRun\":\"true\",\"breakpointsforceLocal\":\"false\",\"breakpointsRemote\":\"false\"},\"variables\":{},\"startCopyName\":null,\"rebootAutoRun\":true,\"breakpointsContinue\":true,\"breakpointsRemote\":false,\"forceLocal\":false}', NULL);
INSERT INTO `quality_exec_record` VALUES ('42f58ac34fe2487d8515ec88c89e255b', '528', '冗余', 'trans_history', 'Finished', 'new88', '2019-03-21 16:31:50', '2019-03-21 16:31:51', 1, 1, '1133:0:0:0', '0/0', '{\"engineType\":\"default\",\"engineName\":\"Default-Local\",\"clearingLog\":true,\"safeMode\":false,\"gatherMetrics\":true,\"logLevel\":\"Basic\",\"params\":{\"engineType\":\"default\",\"breakpointsContinueEnable\":\"true\",\"engineName\":\"Default-Local\",\"rebootAutoRun\":\"true\",\"breakpointsforceLocal\":\"false\",\"breakpointsRemote\":\"false\"},\"variables\":{},\"startCopyName\":null,\"rebootAutoRun\":true,\"breakpointsContinue\":true,\"breakpointsRemote\":false,\"forceLocal\":false}', NULL);
INSERT INTO `quality_exec_record` VALUES ('45141cda927447fa9687e50c177ba603', '528', 'dddddddd', 'trans_history', 'Finished', 'new88', '2019-03-21 17:07:05', '2019-03-21 17:07:06', 0, 0, '0:0:0:0', '0/0', '{\"engineType\":\"default\",\"engineName\":\"Default-Local\",\"clearingLog\":true,\"safeMode\":false,\"gatherMetrics\":true,\"logLevel\":\"Basic\",\"params\":{\"engineType\":\"default\",\"breakpointsContinueEnable\":\"true\",\"engineName\":\"Default-Local\",\"rebootAutoRun\":\"true\",\"breakpointsforceLocal\":\"false\",\"breakpointsRemote\":\"false\"},\"variables\":{},\"startCopyName\":null,\"rebootAutoRun\":true,\"breakpointsContinue\":true,\"breakpointsRemote\":false,\"forceLocal\":false}', NULL);
INSERT INTO `quality_exec_record` VALUES ('5350ab036d3d43d19154810488cd6262', '528', 'swswww', 'trans_history', 'Failed', 'new88', '2019-03-20 15:10:19', '2019-03-20 15:10:19', NULL, NULL, NULL, '0/0', '{\"engineType\":\"default\",\"engineName\":\"Default-Local\",\"clearingLog\":true,\"safeMode\":false,\"gatherMetrics\":true,\"logLevel\":\"Basic\",\"params\":{\"engineType\":\"default\",\"breakpointsContinueEnable\":\"true\",\"engineName\":\"Default-Local\",\"rebootAutoRun\":\"true\",\"breakpointsforceLocal\":\"false\",\"breakpointsRemote\":\"false\"},\"variables\":{},\"startCopyName\":null,\"rebootAutoRun\":true,\"breakpointsContinue\":true,\"breakpointsRemote\":false,\"forceLocal\":false}', NULL);
INSERT INTO `quality_exec_record` VALUES ('567a3316bdfc4031908dcf1e88b686d4', '528', '冗余', 'trans_history', 'Finished', 'new88', '2019-03-21 16:42:32', '2019-03-21 16:42:33', 1, 1, '1133:0:0:0', '0/0', '{\"engineType\":\"default\",\"engineName\":\"Default-Local\",\"clearingLog\":true,\"safeMode\":false,\"gatherMetrics\":true,\"logLevel\":\"Basic\",\"params\":{\"engineType\":\"default\",\"breakpointsContinueEnable\":\"true\",\"engineName\":\"Default-Local\",\"rebootAutoRun\":\"true\",\"breakpointsforceLocal\":\"false\",\"breakpointsRemote\":\"false\"},\"variables\":{},\"startCopyName\":null,\"rebootAutoRun\":true,\"breakpointsContinue\":true,\"breakpointsRemote\":false,\"forceLocal\":false}', NULL);
INSERT INTO `quality_exec_record` VALUES ('5de950247de347b49758d70b336d05d4', '528', '冗余222', 'trans_history', 'Failed', 'new88', '2019-03-21 16:36:24', '2019-03-21 16:36:24', NULL, NULL, NULL, '0/0', '{\"engineType\":\"default\",\"engineName\":\"Default-Local\",\"clearingLog\":true,\"safeMode\":false,\"gatherMetrics\":true,\"logLevel\":\"Basic\",\"params\":{\"engineType\":\"default\",\"breakpointsContinueEnable\":\"true\",\"engineName\":\"Default-Local\",\"rebootAutoRun\":\"true\",\"breakpointsforceLocal\":\"false\",\"breakpointsRemote\":\"false\"},\"variables\":{},\"startCopyName\":null,\"rebootAutoRun\":true,\"breakpointsContinue\":true,\"breakpointsRemote\":false,\"forceLocal\":false}', NULL);
INSERT INTO `quality_exec_record` VALUES ('641dcc177c674858abee828de2f61d77', '528', 'dddddddd', 'trans_history', 'Finished', 'new88', '2019-03-21 16:43:45', '2019-03-21 16:43:46', 0, 0, '0:0:0:0', '0/0', '{\"engineType\":\"default\",\"engineName\":\"Default-Local\",\"clearingLog\":true,\"safeMode\":false,\"gatherMetrics\":true,\"logLevel\":\"Basic\",\"params\":{\"engineType\":\"default\",\"breakpointsContinueEnable\":\"true\",\"engineName\":\"Default-Local\",\"rebootAutoRun\":\"true\",\"breakpointsforceLocal\":\"false\",\"breakpointsRemote\":\"false\"},\"variables\":{},\"startCopyName\":null,\"rebootAutoRun\":true,\"breakpointsContinue\":true,\"breakpointsRemote\":false,\"forceLocal\":false}', NULL);
INSERT INTO `quality_exec_record` VALUES ('664f4d9ba4824e3f837f706df0152bb2', '528', '冗余', 'trans_history', 'Failed', 'new88', '2019-03-21 15:37:12', '2019-03-21 15:37:12', NULL, NULL, NULL, '0/0', '{\"engineType\":\"default\",\"engineName\":\"Default-Local\",\"clearingLog\":true,\"safeMode\":false,\"gatherMetrics\":true,\"logLevel\":\"Basic\",\"params\":{\"engineType\":\"default\",\"breakpointsContinueEnable\":\"true\",\"engineName\":\"Default-Local\",\"rebootAutoRun\":\"true\",\"breakpointsforceLocal\":\"false\",\"breakpointsRemote\":\"false\"},\"variables\":{},\"startCopyName\":null,\"rebootAutoRun\":true,\"breakpointsContinue\":true,\"breakpointsRemote\":false,\"forceLocal\":false}', NULL);
INSERT INTO `quality_exec_record` VALUES ('69e578e7638a44cea1fd6023a71ac13d', '528', '冗余', 'trans_history', 'Finished', 'new88', '2019-03-21 16:40:31', '2019-03-21 16:40:32', 1, 1, '1133:0:0:0', '0/0', '{\"engineType\":\"default\",\"engineName\":\"Default-Local\",\"clearingLog\":true,\"safeMode\":false,\"gatherMetrics\":true,\"logLevel\":\"Basic\",\"params\":{\"engineType\":\"default\",\"breakpointsContinueEnable\":\"true\",\"engineName\":\"Default-Local\",\"rebootAutoRun\":\"true\",\"breakpointsforceLocal\":\"false\",\"breakpointsRemote\":\"false\"},\"variables\":{},\"startCopyName\":null,\"rebootAutoRun\":true,\"breakpointsContinue\":true,\"breakpointsRemote\":false,\"forceLocal\":false}', NULL);
INSERT INTO `quality_exec_record` VALUES ('6d88d921a35e4c8fb8234dddd13716a3', '443', 'etl61', 'trans_history', 'Finished', 'xionghan1', '2019-03-21 17:44:08', '2019-03-21 17:44:09', 81, 81, '20:0:0:0', '0/0', '{\"engineType\":\"default\",\"engineName\":\"Default-Local\",\"clearingLog\":true,\"safeMode\":false,\"gatherMetrics\":true,\"logLevel\":\"Basic\",\"params\":{\"engineType\":\"default\",\"breakpointsContinueEnable\":\"true\",\"engineName\":\"Default-Local\",\"rebootAutoRun\":\"true\",\"breakpointsforceLocal\":\"false\",\"breakpointsRemote\":\"false\"},\"variables\":{},\"startCopyName\":null,\"rebootAutoRun\":true,\"breakpointsContinue\":true,\"breakpointsRemote\":false,\"forceLocal\":false}', NULL);
INSERT INTO `quality_exec_record` VALUES ('7009b2ae8faf477fbd5d06e0e9e25db0', '443', 'etl61', 'trans_history', 'Finished', 'xionghan1', '2019-03-26 10:18:17', '2019-03-26 10:18:18', 81, 81, '20:0:0:0', '0/0', '{\"engineType\":\"default\",\"engineName\":\"Default-Local\",\"clearingLog\":true,\"safeMode\":false,\"gatherMetrics\":true,\"logLevel\":\"Basic\",\"params\":{\"engineType\":\"default\",\"breakpointsContinueEnable\":\"true\",\"engineName\":\"Default-Local\",\"rebootAutoRun\":\"true\",\"breakpointsforceLocal\":\"false\",\"breakpointsRemote\":\"false\"},\"variables\":{},\"startCopyName\":null,\"rebootAutoRun\":true,\"breakpointsContinue\":true,\"breakpointsRemote\":false,\"forceLocal\":false}', NULL);
INSERT INTO `quality_exec_record` VALUES ('883a60d4416045c0be81df2912608002', '528', '冗余222', 'trans_history', 'Failed', 'new88', '2019-03-21 17:32:37', '2019-03-21 17:32:37', NULL, NULL, NULL, '0/0', '{\"engineType\":\"default\",\"engineName\":\"Default-Local\",\"clearingLog\":true,\"safeMode\":false,\"gatherMetrics\":true,\"logLevel\":\"Basic\",\"params\":{\"engineType\":\"default\",\"breakpointsContinueEnable\":\"true\",\"engineName\":\"Default-Local\",\"rebootAutoRun\":\"true\",\"breakpointsforceLocal\":\"false\",\"breakpointsRemote\":\"false\"},\"variables\":{},\"startCopyName\":null,\"rebootAutoRun\":true,\"breakpointsContinue\":true,\"breakpointsRemote\":false,\"forceLocal\":false}', NULL);
INSERT INTO `quality_exec_record` VALUES ('8954a83714a040dc8bcb9d30de140b87', '528', 'dddddddd', 'trans_history', 'Finished', 'new88', '2019-03-21 17:05:13', '2019-03-21 17:05:14', 0, 0, '0:0:0:0', '0/0', '{\"engineType\":\"default\",\"engineName\":\"Default-Local\",\"clearingLog\":true,\"safeMode\":false,\"gatherMetrics\":true,\"logLevel\":\"Basic\",\"params\":{\"engineType\":\"default\",\"breakpointsContinueEnable\":\"true\",\"engineName\":\"Default-Local\",\"rebootAutoRun\":\"true\",\"breakpointsforceLocal\":\"false\",\"breakpointsRemote\":\"false\"},\"variables\":{},\"startCopyName\":null,\"rebootAutoRun\":true,\"breakpointsContinue\":true,\"breakpointsRemote\":false,\"forceLocal\":false}', NULL);
INSERT INTO `quality_exec_record` VALUES ('90b4d9ab2e34467a868e3fda71a48159', '443', 'etl61', 'trans_history', 'Finished', 'xionghan1', '2019-03-21 17:48:02', '2019-03-21 17:48:03', 81, 81, '20:0:0:0', '0/0', '{\"engineType\":\"default\",\"engineName\":\"Default-Local\",\"clearingLog\":true,\"safeMode\":false,\"gatherMetrics\":true,\"logLevel\":\"Basic\",\"params\":{\"engineType\":\"default\",\"breakpointsContinueEnable\":\"true\",\"engineName\":\"Default-Local\",\"rebootAutoRun\":\"true\",\"breakpointsforceLocal\":\"false\",\"breakpointsRemote\":\"false\"},\"variables\":{},\"startCopyName\":null,\"rebootAutoRun\":true,\"breakpointsContinue\":true,\"breakpointsRemote\":false,\"forceLocal\":false}', NULL);
INSERT INTO `quality_exec_record` VALUES ('925411d836044765bca519a7e5d0b38e', '528', '冗余', 'trans_history', 'Failed', 'new88', '2019-03-21 10:47:38', '2019-03-21 10:47:38', NULL, NULL, NULL, '0/0', '{\"engineType\":\"default\",\"engineName\":\"Default-Local\",\"clearingLog\":true,\"safeMode\":false,\"gatherMetrics\":true,\"logLevel\":\"Basic\",\"params\":{\"engineType\":\"default\",\"breakpointsContinueEnable\":\"true\",\"engineName\":\"Default-Local\",\"rebootAutoRun\":\"true\",\"breakpointsforceLocal\":\"false\",\"breakpointsRemote\":\"false\"},\"variables\":{},\"startCopyName\":null,\"rebootAutoRun\":true,\"breakpointsContinue\":true,\"breakpointsRemote\":false,\"forceLocal\":false}', NULL);
INSERT INTO `quality_exec_record` VALUES ('968f94820a2a4802afae439ee620e33f', '528', '冗余', 'trans_history', 'Finished', 'new88', '2019-03-21 15:51:30', '2019-03-21 15:51:31', 1, 1, '33:0:0:0', '0/0', '{\"engineType\":\"default\",\"engineName\":\"Default-Local\",\"clearingLog\":true,\"safeMode\":false,\"gatherMetrics\":true,\"logLevel\":\"Basic\",\"params\":{\"engineType\":\"default\",\"breakpointsContinueEnable\":\"true\",\"engineName\":\"Default-Local\",\"rebootAutoRun\":\"true\",\"breakpointsforceLocal\":\"false\",\"breakpointsRemote\":\"false\"},\"variables\":{},\"startCopyName\":null,\"rebootAutoRun\":true,\"breakpointsContinue\":true,\"breakpointsRemote\":false,\"forceLocal\":false}', NULL);
INSERT INTO `quality_exec_record` VALUES ('9e5e5613358444a4ab0dbac50d7f2e9d', '528', 'dddddddd', 'trans_history', 'Finished', 'new88', '2019-03-21 16:58:28', '2019-03-21 16:58:29', 0, 0, '0:0:0:0', '0/0', '{\"engineType\":\"default\",\"engineName\":\"Default-Local\",\"clearingLog\":true,\"safeMode\":false,\"gatherMetrics\":true,\"logLevel\":\"Basic\",\"params\":{\"engineType\":\"default\",\"breakpointsContinueEnable\":\"true\",\"engineName\":\"Default-Local\",\"rebootAutoRun\":\"true\",\"breakpointsforceLocal\":\"false\",\"breakpointsRemote\":\"false\"},\"variables\":{},\"startCopyName\":null,\"rebootAutoRun\":true,\"breakpointsContinue\":true,\"breakpointsRemote\":false,\"forceLocal\":false}', NULL);
INSERT INTO `quality_exec_record` VALUES ('9fe066d8e2de4071a55d341fb84aa8ec', '528', '冗余222', 'trans_history', 'Failed', 'new88', '2019-03-20 16:44:07', '2019-03-20 16:44:07', NULL, NULL, NULL, '0/0', '{\"engineType\":\"default\",\"engineName\":\"Default-Local\",\"clearingLog\":true,\"safeMode\":false,\"gatherMetrics\":true,\"logLevel\":\"Basic\",\"params\":{\"engineType\":\"default\",\"breakpointsContinueEnable\":\"true\",\"engineName\":\"Default-Local\",\"rebootAutoRun\":\"true\",\"breakpointsforceLocal\":\"false\",\"breakpointsRemote\":\"false\"},\"variables\":{},\"startCopyName\":null,\"rebootAutoRun\":true,\"breakpointsContinue\":true,\"breakpointsRemote\":false,\"forceLocal\":false}', NULL);
INSERT INTO `quality_exec_record` VALUES ('a096d7ef5fdc45d29742ccd6f237e697', '528', 'dddddddd', 'trans_history', 'Finished', 'new88', '2019-03-21 16:57:32', '2019-03-21 16:57:33', 0, 0, '0:0:0:0', '0/0', '{\"engineType\":\"default\",\"engineName\":\"Default-Local\",\"clearingLog\":true,\"safeMode\":false,\"gatherMetrics\":true,\"logLevel\":\"Basic\",\"params\":{\"engineType\":\"default\",\"breakpointsContinueEnable\":\"true\",\"engineName\":\"Default-Local\",\"rebootAutoRun\":\"true\",\"breakpointsforceLocal\":\"false\",\"breakpointsRemote\":\"false\"},\"variables\":{},\"startCopyName\":null,\"rebootAutoRun\":true,\"breakpointsContinue\":true,\"breakpointsRemote\":false,\"forceLocal\":false}', NULL);
INSERT INTO `quality_exec_record` VALUES ('a1c62020c1b94455a263e28096cfa65f', '443', 'etl61', 'trans_history', 'Finished', 'xionghan1', '2019-03-21 17:58:07', '2019-03-21 17:58:08', 81, 81, '20:0:0:0', '0/0', '{\"engineType\":\"default\",\"engineName\":\"Default-Local\",\"clearingLog\":true,\"safeMode\":false,\"gatherMetrics\":true,\"logLevel\":\"Basic\",\"params\":{\"engineType\":\"default\",\"breakpointsContinueEnable\":\"true\",\"engineName\":\"Default-Local\",\"rebootAutoRun\":\"true\",\"breakpointsforceLocal\":\"false\",\"breakpointsRemote\":\"false\"},\"variables\":{},\"startCopyName\":null,\"rebootAutoRun\":true,\"breakpointsContinue\":true,\"breakpointsRemote\":false,\"forceLocal\":false}', NULL);
INSERT INTO `quality_exec_record` VALUES ('a312950c4586407babd37119961f6744', '528', '冗余222', 'trans_history', 'Failed', 'new88', '2019-03-21 16:36:00', '2019-03-21 16:36:00', NULL, NULL, NULL, '0/0', '{\"engineType\":\"default\",\"engineName\":\"Default-Local\",\"clearingLog\":true,\"safeMode\":false,\"gatherMetrics\":true,\"logLevel\":\"Basic\",\"params\":{\"engineType\":\"default\",\"breakpointsContinueEnable\":\"true\",\"engineName\":\"Default-Local\",\"rebootAutoRun\":\"true\",\"breakpointsforceLocal\":\"false\",\"breakpointsRemote\":\"false\"},\"variables\":{},\"startCopyName\":null,\"rebootAutoRun\":true,\"breakpointsContinue\":true,\"breakpointsRemote\":false,\"forceLocal\":false}', NULL);
INSERT INTO `quality_exec_record` VALUES ('aa384282bbbc4f86b2e42953ddf276c2', '528', '冗余', 'trans_history', 'Finished', 'new88', '2019-03-21 16:00:39', '2019-03-21 16:00:40', 1, 1, '1250:0:0:0', '0/0', '{\"engineType\":\"default\",\"engineName\":\"Default-Local\",\"clearingLog\":true,\"safeMode\":false,\"gatherMetrics\":true,\"logLevel\":\"Basic\",\"params\":{\"engineType\":\"default\",\"breakpointsContinueEnable\":\"true\",\"engineName\":\"Default-Local\",\"rebootAutoRun\":\"true\",\"breakpointsforceLocal\":\"false\",\"breakpointsRemote\":\"false\"},\"variables\":{},\"startCopyName\":null,\"rebootAutoRun\":true,\"breakpointsContinue\":true,\"breakpointsRemote\":false,\"forceLocal\":false}', NULL);
INSERT INTO `quality_exec_record` VALUES ('ad03e899970740c2a61a9e91555ddb3a', '528', '冗余', 'trans_history', 'Finished', 'new88', '2019-03-21 16:02:47', '2019-03-21 16:02:48', 1, 1, '1132:0:0:0', '0/0', '{\"engineType\":\"default\",\"engineName\":\"Default-Local\",\"clearingLog\":true,\"safeMode\":false,\"gatherMetrics\":true,\"logLevel\":\"Basic\",\"params\":{\"engineType\":\"default\",\"breakpointsContinueEnable\":\"true\",\"engineName\":\"Default-Local\",\"rebootAutoRun\":\"true\",\"breakpointsforceLocal\":\"false\",\"breakpointsRemote\":\"false\"},\"variables\":{},\"startCopyName\":null,\"rebootAutoRun\":true,\"breakpointsContinue\":true,\"breakpointsRemote\":false,\"forceLocal\":false}', NULL);
INSERT INTO `quality_exec_record` VALUES ('ada45601fe164238b3cadb47035b9e4c', '528', '冗余', 'trans_history', 'Finished', 'new88', '2019-03-21 16:35:12', '2019-03-21 16:35:14', 1, 1, '1133:0:0:0', '0/0', '{\"engineType\":\"default\",\"engineName\":\"Default-Local\",\"clearingLog\":true,\"safeMode\":false,\"gatherMetrics\":true,\"logLevel\":\"Basic\",\"params\":{\"engineType\":\"default\",\"breakpointsContinueEnable\":\"true\",\"engineName\":\"Default-Local\",\"rebootAutoRun\":\"true\",\"breakpointsforceLocal\":\"false\",\"breakpointsRemote\":\"false\"},\"variables\":{},\"startCopyName\":null,\"rebootAutoRun\":true,\"breakpointsContinue\":true,\"breakpointsRemote\":false,\"forceLocal\":false}', NULL);
INSERT INTO `quality_exec_record` VALUES ('ae663a519d62422087a7c7a0aae97ff3', '528', '冗余222', 'trans_history', 'Failed', 'new88', '2019-03-21 10:47:10', '2019-03-21 10:47:10', NULL, NULL, NULL, '0/0', '{\"engineType\":\"default\",\"engineName\":\"Default-Local\",\"clearingLog\":true,\"safeMode\":false,\"gatherMetrics\":true,\"logLevel\":\"Basic\",\"params\":{\"engineType\":\"default\",\"breakpointsContinueEnable\":\"true\",\"engineName\":\"Default-Local\",\"rebootAutoRun\":\"true\",\"breakpointsforceLocal\":\"false\",\"breakpointsRemote\":\"false\"},\"variables\":{},\"startCopyName\":null,\"rebootAutoRun\":true,\"breakpointsContinue\":true,\"breakpointsRemote\":false,\"forceLocal\":false}', NULL);
INSERT INTO `quality_exec_record` VALUES ('b75899a488bc475b86b47ac29c2b3e65', '528', 'dddddddd', 'trans_history', 'Finished', 'new88', '2019-03-21 16:55:38', '2019-03-21 16:55:39', 0, 0, '0:0:0:0', '0/0', '{\"engineType\":\"default\",\"engineName\":\"Default-Local\",\"clearingLog\":true,\"safeMode\":false,\"gatherMetrics\":true,\"logLevel\":\"Basic\",\"params\":{\"engineType\":\"default\",\"breakpointsContinueEnable\":\"true\",\"engineName\":\"Default-Local\",\"rebootAutoRun\":\"true\",\"breakpointsforceLocal\":\"false\",\"breakpointsRemote\":\"false\"},\"variables\":{},\"startCopyName\":null,\"rebootAutoRun\":true,\"breakpointsContinue\":true,\"breakpointsRemote\":false,\"forceLocal\":false}', NULL);
INSERT INTO `quality_exec_record` VALUES ('bc5713e66ca447fab95090bd4452f2a8', '528', 'dddddddd', 'trans_history', 'Finished', 'new88', '2019-03-21 16:45:22', '2019-03-21 16:45:23', 0, 0, '0:0:0:0', '0/0', '{\"engineType\":\"default\",\"engineName\":\"Default-Local\",\"clearingLog\":true,\"safeMode\":false,\"gatherMetrics\":true,\"logLevel\":\"Basic\",\"params\":{\"engineType\":\"default\",\"breakpointsContinueEnable\":\"true\",\"engineName\":\"Default-Local\",\"rebootAutoRun\":\"true\",\"breakpointsforceLocal\":\"false\",\"breakpointsRemote\":\"false\"},\"variables\":{},\"startCopyName\":null,\"rebootAutoRun\":true,\"breakpointsContinue\":true,\"breakpointsRemote\":false,\"forceLocal\":false}', NULL);
INSERT INTO `quality_exec_record` VALUES ('bdd27a9a56ff4d7fb235fbf8ef514236', '528', '冗余', 'trans_history', 'Finished', 'new88', '2019-03-21 16:35:55', '2019-03-21 16:35:56', 1, 1, '1133:0:0:0', '0/0', '{\"engineType\":\"default\",\"engineName\":\"Default-Local\",\"clearingLog\":true,\"safeMode\":false,\"gatherMetrics\":true,\"logLevel\":\"Basic\",\"params\":{\"engineType\":\"default\",\"breakpointsContinueEnable\":\"true\",\"engineName\":\"Default-Local\",\"rebootAutoRun\":\"true\",\"breakpointsforceLocal\":\"false\",\"breakpointsRemote\":\"false\"},\"variables\":{},\"startCopyName\":null,\"rebootAutoRun\":true,\"breakpointsContinue\":true,\"breakpointsRemote\":false,\"forceLocal\":false}', NULL);
INSERT INTO `quality_exec_record` VALUES ('be527680f3964a8b9bbc0eac96da2166', '528', 'dddddddd', 'trans_history', 'Finished', 'new88', '2019-03-21 17:02:30', '2019-03-21 17:02:31', 0, 0, '0:0:0:0', '0/0', '{\"engineType\":\"default\",\"engineName\":\"Default-Local\",\"clearingLog\":true,\"safeMode\":false,\"gatherMetrics\":true,\"logLevel\":\"Basic\",\"params\":{\"engineType\":\"default\",\"breakpointsContinueEnable\":\"true\",\"engineName\":\"Default-Local\",\"rebootAutoRun\":\"true\",\"breakpointsforceLocal\":\"false\",\"breakpointsRemote\":\"false\"},\"variables\":{},\"startCopyName\":null,\"rebootAutoRun\":true,\"breakpointsContinue\":true,\"breakpointsRemote\":false,\"forceLocal\":false}', NULL);
INSERT INTO `quality_exec_record` VALUES ('c456492abfb545cda59214d3e4d9b28d', '528', '冗余', 'trans_history', 'Finished', 'new88', '2019-03-21 15:43:08', '2019-03-21 15:43:09', 1, 1, '21:0:0:0', '0/0', '{\"engineType\":\"default\",\"engineName\":\"Default-Local\",\"clearingLog\":true,\"safeMode\":false,\"gatherMetrics\":true,\"logLevel\":\"Basic\",\"params\":{\"engineType\":\"default\",\"breakpointsContinueEnable\":\"true\",\"engineName\":\"Default-Local\",\"rebootAutoRun\":\"true\",\"breakpointsforceLocal\":\"false\",\"breakpointsRemote\":\"false\"},\"variables\":{},\"startCopyName\":null,\"rebootAutoRun\":true,\"breakpointsContinue\":true,\"breakpointsRemote\":false,\"forceLocal\":false}', NULL);
INSERT INTO `quality_exec_record` VALUES ('cc5c560ea9da4f0d85b9acb10d9bd995', '528', '冗余', 'trans_history', 'Finished', 'new88', '2019-03-21 17:41:00', '2019-03-21 17:41:01', 1, 1, '1133:0:0:0', '0/0', '{\"engineType\":\"default\",\"engineName\":\"Default-Local\",\"clearingLog\":true,\"safeMode\":false,\"gatherMetrics\":true,\"logLevel\":\"Basic\",\"params\":{\"engineType\":\"default\",\"breakpointsContinueEnable\":\"true\",\"engineName\":\"Default-Local\",\"rebootAutoRun\":\"true\",\"breakpointsforceLocal\":\"false\",\"breakpointsRemote\":\"false\"},\"variables\":{},\"startCopyName\":null,\"rebootAutoRun\":true,\"breakpointsContinue\":true,\"breakpointsRemote\":false,\"forceLocal\":false}', NULL);
INSERT INTO `quality_exec_record` VALUES ('ce4d244d0ee64e57a06f5b14c836eb9d', '528', '冗余222', 'trans_history', 'Failed', 'new88', '2019-03-21 16:41:14', '2019-03-21 16:41:14', NULL, NULL, NULL, '0/0', '{\"engineType\":\"default\",\"engineName\":\"Default-Local\",\"clearingLog\":true,\"safeMode\":false,\"gatherMetrics\":true,\"logLevel\":\"Basic\",\"params\":{\"engineType\":\"default\",\"breakpointsContinueEnable\":\"true\",\"engineName\":\"Default-Local\",\"rebootAutoRun\":\"true\",\"breakpointsforceLocal\":\"false\",\"breakpointsRemote\":\"false\"},\"variables\":{},\"startCopyName\":null,\"rebootAutoRun\":true,\"breakpointsContinue\":true,\"breakpointsRemote\":false,\"forceLocal\":false}', NULL);
INSERT INTO `quality_exec_record` VALUES ('d0ad820449544f549227173e0ac94213', '528', '冗余', 'trans_history', 'Failed', 'new88', '2019-03-20 16:36:14', '2019-03-20 16:36:14', NULL, NULL, NULL, '0/0', '{\"engineType\":\"default\",\"engineName\":\"Default-Local\",\"clearingLog\":true,\"safeMode\":false,\"gatherMetrics\":true,\"logLevel\":\"Basic\",\"params\":{\"engineType\":\"default\",\"breakpointsContinueEnable\":\"true\",\"engineName\":\"Default-Local\",\"rebootAutoRun\":\"true\",\"breakpointsforceLocal\":\"false\",\"breakpointsRemote\":\"false\"},\"variables\":{},\"startCopyName\":null,\"rebootAutoRun\":true,\"breakpointsContinue\":true,\"breakpointsRemote\":false,\"forceLocal\":false}', NULL);
INSERT INTO `quality_exec_record` VALUES ('d64f1556006c48d2b56eec15d033f29f', '528', 'dddddddd', 'trans_history', 'Finished', 'new88', '2019-03-21 16:59:24', '2019-03-21 16:59:25', 0, 0, '0:0:0:0', '0/0', '{\"engineType\":\"default\",\"engineName\":\"Default-Local\",\"clearingLog\":true,\"safeMode\":false,\"gatherMetrics\":true,\"logLevel\":\"Basic\",\"params\":{\"engineType\":\"default\",\"breakpointsContinueEnable\":\"true\",\"engineName\":\"Default-Local\",\"rebootAutoRun\":\"true\",\"breakpointsforceLocal\":\"false\",\"breakpointsRemote\":\"false\"},\"variables\":{},\"startCopyName\":null,\"rebootAutoRun\":true,\"breakpointsContinue\":true,\"breakpointsRemote\":false,\"forceLocal\":false}', NULL);
INSERT INTO `quality_exec_record` VALUES ('db4a554665ee48a78a47ea8aa5e0edf7', '528', 'dddddddd', 'trans_history', 'Finished', 'new88', '2019-03-21 17:29:44', '2019-03-21 17:29:45', 0, 0, '0:0:0:0', '0/0', '{\"engineType\":\"default\",\"engineName\":\"Default-Local\",\"clearingLog\":true,\"safeMode\":false,\"gatherMetrics\":true,\"logLevel\":\"Basic\",\"params\":{\"engineType\":\"default\",\"breakpointsContinueEnable\":\"true\",\"engineName\":\"Default-Local\",\"rebootAutoRun\":\"true\",\"breakpointsforceLocal\":\"false\",\"breakpointsRemote\":\"false\"},\"variables\":{},\"startCopyName\":null,\"rebootAutoRun\":true,\"breakpointsContinue\":true,\"breakpointsRemote\":false,\"forceLocal\":false}', NULL);
INSERT INTO `quality_exec_record` VALUES ('dda326a9209e471bb4cd20ecab7a27a0', '528', '冗余', 'trans_history', 'Finished', 'new88', '2019-03-21 16:41:03', '2019-03-21 16:41:04', 1, 1, '1133:0:0:0', '0/0', '{\"engineType\":\"default\",\"engineName\":\"Default-Local\",\"clearingLog\":true,\"safeMode\":false,\"gatherMetrics\":true,\"logLevel\":\"Basic\",\"params\":{\"engineType\":\"default\",\"breakpointsContinueEnable\":\"true\",\"engineName\":\"Default-Local\",\"rebootAutoRun\":\"true\",\"breakpointsforceLocal\":\"false\",\"breakpointsRemote\":\"false\"},\"variables\":{},\"startCopyName\":null,\"rebootAutoRun\":true,\"breakpointsContinue\":true,\"breakpointsRemote\":false,\"forceLocal\":false}', NULL);
INSERT INTO `quality_exec_record` VALUES ('e4ec0721fbd340ca909adf4d39f1c2e2', '528', '冗余222', 'trans_history', 'Failed', 'new88', '2019-03-21 17:07:57', '2019-03-21 17:07:58', NULL, NULL, NULL, '0/0', '{\"engineType\":\"default\",\"engineName\":\"Default-Local\",\"clearingLog\":true,\"safeMode\":false,\"gatherMetrics\":true,\"logLevel\":\"Basic\",\"params\":{\"engineType\":\"default\",\"breakpointsContinueEnable\":\"true\",\"engineName\":\"Default-Local\",\"rebootAutoRun\":\"true\",\"breakpointsforceLocal\":\"false\",\"breakpointsRemote\":\"false\"},\"variables\":{},\"startCopyName\":null,\"rebootAutoRun\":true,\"breakpointsContinue\":true,\"breakpointsRemote\":false,\"forceLocal\":false}', NULL);
INSERT INTO `quality_exec_record` VALUES ('e7229ae4be874ae98b8ae81c819149a0', '528', 'dddddddd', 'trans_history', 'Finished', 'new88', '2019-03-21 16:57:16', '2019-03-21 16:57:17', 0, 0, '0:0:0:0', '0/0', '{\"engineType\":\"default\",\"engineName\":\"Default-Local\",\"clearingLog\":true,\"safeMode\":false,\"gatherMetrics\":true,\"logLevel\":\"Basic\",\"params\":{\"engineType\":\"default\",\"breakpointsContinueEnable\":\"true\",\"engineName\":\"Default-Local\",\"rebootAutoRun\":\"true\",\"breakpointsforceLocal\":\"false\",\"breakpointsRemote\":\"false\"},\"variables\":{},\"startCopyName\":null,\"rebootAutoRun\":true,\"breakpointsContinue\":true,\"breakpointsRemote\":false,\"forceLocal\":false}', NULL);
INSERT INTO `quality_exec_record` VALUES ('ed8a8fa8b5794a29b8ec021f470c5692', '528', '冗余222', 'trans_history', 'Failed', 'new88', '2019-03-20 16:45:02', '2019-03-20 16:45:02', NULL, NULL, NULL, '0/0', '{\"engineType\":\"default\",\"engineName\":\"Default-Local\",\"clearingLog\":true,\"safeMode\":false,\"gatherMetrics\":true,\"logLevel\":\"Basic\",\"params\":{\"engineType\":\"default\",\"breakpointsContinueEnable\":\"true\",\"engineName\":\"Default-Local\",\"rebootAutoRun\":\"true\",\"breakpointsforceLocal\":\"false\",\"breakpointsRemote\":\"false\"},\"variables\":{},\"startCopyName\":null,\"rebootAutoRun\":true,\"breakpointsContinue\":true,\"breakpointsRemote\":false,\"forceLocal\":false}', NULL);
INSERT INTO `quality_exec_record` VALUES ('eedfd0939c2549d1ac4545e41dfa7be4', '443', 'etl61', 'trans_history', 'Finished', 'xionghan1', '2019-03-21 18:33:56', '2019-03-21 18:34:00', 81, 81, '20:0:0:0', '0/0', '{\"engineType\":\"default\",\"engineName\":\"Default-Local\",\"clearingLog\":true,\"safeMode\":false,\"gatherMetrics\":true,\"logLevel\":\"Basic\",\"params\":{\"engineType\":\"default\",\"breakpointsContinueEnable\":\"true\",\"engineName\":\"Default-Local\",\"rebootAutoRun\":\"true\",\"breakpointsforceLocal\":\"false\",\"breakpointsRemote\":\"false\"},\"variables\":{},\"startCopyName\":null,\"rebootAutoRun\":true,\"breakpointsContinue\":true,\"breakpointsRemote\":false,\"forceLocal\":false}', NULL);
INSERT INTO `quality_exec_record` VALUES ('f28b7834a9ac403088f28ed86b6ee803', '528', '冗余222', 'trans_history', 'Failed', 'new88', '2019-03-21 17:30:21', '2019-03-21 17:30:21', NULL, NULL, NULL, '0/0', '{\"engineType\":\"default\",\"engineName\":\"Default-Local\",\"clearingLog\":true,\"safeMode\":false,\"gatherMetrics\":true,\"logLevel\":\"Basic\",\"params\":{\"engineType\":\"default\",\"breakpointsContinueEnable\":\"true\",\"engineName\":\"Default-Local\",\"rebootAutoRun\":\"true\",\"breakpointsforceLocal\":\"false\",\"breakpointsRemote\":\"false\"},\"variables\":{},\"startCopyName\":null,\"rebootAutoRun\":true,\"breakpointsContinue\":true,\"breakpointsRemote\":false,\"forceLocal\":false}', NULL);
INSERT INTO `quality_exec_record` VALUES ('f7a930038c644d229f9fada54a17dd13', '528', '冗余', 'trans_history', 'Finished', 'new88', '2019-03-21 16:34:52', '2019-03-21 16:34:53', 1, 1, '1133:0:0:0', '0/0', '{\"engineType\":\"default\",\"engineName\":\"Default-Local\",\"clearingLog\":true,\"safeMode\":false,\"gatherMetrics\":true,\"logLevel\":\"Basic\",\"params\":{\"engineType\":\"default\",\"breakpointsContinueEnable\":\"true\",\"engineName\":\"Default-Local\",\"rebootAutoRun\":\"true\",\"breakpointsforceLocal\":\"false\",\"breakpointsRemote\":\"false\"},\"variables\":{},\"startCopyName\":null,\"rebootAutoRun\":true,\"breakpointsContinue\":true,\"breakpointsRemote\":false,\"forceLocal\":false}', NULL);
INSERT INTO `quality_exec_record` VALUES ('f9d5bbe5aec643dfa0009d20c047e9de', '528', '冗余', 'trans_history', 'Finished', 'new88', '2019-03-21 17:33:54', '2019-03-21 17:33:55', 1, 1, '1133:0:0:0', '0/0', '{\"engineType\":\"default\",\"engineName\":\"Default-Local\",\"clearingLog\":true,\"safeMode\":false,\"gatherMetrics\":true,\"logLevel\":\"Basic\",\"params\":{\"engineType\":\"default\",\"breakpointsContinueEnable\":\"true\",\"engineName\":\"Default-Local\",\"rebootAutoRun\":\"true\",\"breakpointsforceLocal\":\"false\",\"breakpointsRemote\":\"false\"},\"variables\":{},\"startCopyName\":null,\"rebootAutoRun\":true,\"breakpointsContinue\":true,\"breakpointsRemote\":false,\"forceLocal\":false}', NULL);
INSERT INTO `quality_exec_record` VALUES ('fbb61aa2119348e09bfd08b2213c61fd', '528', 'dddddddd', 'trans_history', 'Finished', 'new88', '2019-03-21 17:40:55', '2019-03-21 17:40:56', 0, 0, '0:0:0:0', '0/0', '{\"engineType\":\"default\",\"engineName\":\"Default-Local\",\"clearingLog\":true,\"safeMode\":false,\"gatherMetrics\":true,\"logLevel\":\"Basic\",\"params\":{\"engineType\":\"default\",\"breakpointsContinueEnable\":\"true\",\"engineName\":\"Default-Local\",\"rebootAutoRun\":\"true\",\"breakpointsforceLocal\":\"false\",\"breakpointsRemote\":\"false\"},\"variables\":{},\"startCopyName\":null,\"rebootAutoRun\":true,\"breakpointsContinue\":true,\"breakpointsRemote\":false,\"forceLocal\":false}', NULL);
INSERT INTO `quality_exec_record` VALUES ('fce48f73355d43b19156cff81899a875', '528', '冗余', 'trans_history', 'Failed', 'new88', '2019-03-20 16:43:04', '2019-03-20 16:43:04', NULL, NULL, NULL, '0/0', '{\"engineType\":\"default\",\"engineName\":\"Default-Local\",\"clearingLog\":true,\"safeMode\":false,\"gatherMetrics\":true,\"logLevel\":\"Basic\",\"params\":{\"engineType\":\"default\",\"breakpointsContinueEnable\":\"true\",\"engineName\":\"Default-Local\",\"rebootAutoRun\":\"true\",\"breakpointsforceLocal\":\"false\",\"breakpointsRemote\":\"false\"},\"variables\":{},\"startCopyName\":null,\"rebootAutoRun\":true,\"breakpointsContinue\":true,\"breakpointsRemote\":false,\"forceLocal\":false}', NULL);
INSERT INTO `quality_exec_record` VALUES ('fda81cbf2a7544059d6de600b17298ef', '528', 'two', 'trans_history', 'Failed', 'new88', '2019-03-20 15:02:07', '2019-03-20 15:02:07', NULL, NULL, NULL, '0/0', '{\"engineType\":\"default\",\"engineName\":\"Default-Local\",\"clearingLog\":true,\"safeMode\":false,\"gatherMetrics\":true,\"logLevel\":\"Basic\",\"params\":{\"engineType\":\"default\",\"breakpointsContinueEnable\":\"true\",\"engineName\":\"Default-Local\",\"rebootAutoRun\":\"true\",\"breakpointsforceLocal\":\"false\",\"breakpointsRemote\":\"false\"},\"variables\":{},\"startCopyName\":null,\"rebootAutoRun\":true,\"breakpointsContinue\":true,\"breakpointsRemote\":false,\"forceLocal\":false}', NULL);
INSERT INTO `quality_exec_record` VALUES ('fe06ea8a09bb4cf1829e65ee544a6585', '528', '冗余', 'trans_history', 'Failed', 'new88', '2019-03-21 15:40:22', '2019-03-21 15:40:22', NULL, NULL, NULL, '0/0', '{\"engineType\":\"default\",\"engineName\":\"Default-Local\",\"clearingLog\":true,\"safeMode\":false,\"gatherMetrics\":true,\"logLevel\":\"Basic\",\"params\":{\"engineType\":\"default\",\"breakpointsContinueEnable\":\"true\",\"engineName\":\"Default-Local\",\"rebootAutoRun\":\"true\",\"breakpointsforceLocal\":\"false\",\"breakpointsRemote\":\"false\"},\"variables\":{},\"startCopyName\":null,\"rebootAutoRun\":true,\"breakpointsContinue\":true,\"breakpointsRemote\":false,\"forceLocal\":false}', NULL);

-- ----------------------------
-- Table structure for quality_exec_record_part
-- ----------------------------
DROP TABLE IF EXISTS `quality_exec_record_part`;
CREATE TABLE `quality_exec_record_part`  (
  `ID` varchar(255) CHARACTER SET utf8 COLLATE utf8_general_ci NOT NULL,
  `EXECID` varchar(255) CHARACTER SET utf8 COLLATE utf8_general_ci NULL DEFAULT NULL,
  `OPERATOR` varchar(255) CHARACTER SET utf8 COLLATE utf8_general_ci NULL DEFAULT NULL,
  `RENTERID` varchar(255) CHARACTER SET utf8 COLLATE utf8_general_ci NULL DEFAULT NULL,
  `NAME` varchar(255) CHARACTER SET utf8 COLLATE utf8_general_ci NULL DEFAULT NULL,
  `TYPE` varchar(255) CHARACTER SET utf8 COLLATE utf8_general_ci NULL DEFAULT NULL,
  `BEGIN` datetime(0) NULL DEFAULT NULL,
  `END` datetime(0) NULL DEFAULT NULL,
  `STATUS` varchar(255) CHARACTER SET utf8 COLLATE utf8_general_ci NULL DEFAULT NULL,
  `READLINES` bigint(20) NULL DEFAULT NULL,
  `WRITELINES` bigint(20) NULL DEFAULT NULL,
  `OTHERLINES` varchar(255) CHARACTER SET utf8 COLLATE utf8_general_ci NULL DEFAULT NULL,
  PRIMARY KEY (`ID`) USING BTREE
) ENGINE = InnoDB CHARACTER SET = utf8 COLLATE = utf8_general_ci ROW_FORMAT = Dynamic;

-- ----------------------------
-- Table structure for quality_file_repository
-- ----------------------------
DROP TABLE IF EXISTS `quality_file_repository`;
CREATE TABLE `quality_file_repository`  (
  `ID` varchar(255) CHARACTER SET utf8 COLLATE utf8_general_ci NOT NULL,
  `OBJECTID` varchar(255) CHARACTER SET utf8 COLLATE utf8_general_ci NULL DEFAULT NULL,
  `RENTERID` varchar(255) CHARACTER SET utf8 COLLATE utf8_general_ci NULL DEFAULT NULL,
  `OWNER` varchar(255) CHARACTER SET utf8 COLLATE utf8_general_ci NULL DEFAULT NULL,
  `GROUP` varchar(255) CHARACTER SET utf8 COLLATE utf8_general_ci NULL DEFAULT NULL,
  `TYPE` varchar(255) CHARACTER SET utf8 COLLATE utf8_general_ci NULL DEFAULT NULL,
  `NAME` varchar(255) CHARACTER SET utf8 COLLATE utf8_general_ci NULL DEFAULT NULL,
  `DESCRIPTION` varchar(255) CHARACTER SET utf8 COLLATE utf8_general_ci NULL DEFAULT NULL,
  `DIRECTORY` varchar(255) CHARACTER SET utf8 COLLATE utf8_general_ci NULL DEFAULT NULL,
  `CREATETIME` datetime(0) NULL DEFAULT NULL,
  `UPDATETIME` datetime(0) NULL DEFAULT NULL,
  `LASTEXECTIME` datetime(0) NULL DEFAULT NULL,
  `LASTSTATUS` varchar(255) CHARACTER SET utf8 COLLATE utf8_general_ci NULL DEFAULT NULL,
  PRIMARY KEY (`ID`) USING BTREE
) ENGINE = InnoDB CHARACTER SET = utf8 COLLATE = utf8_general_ci ROW_FORMAT = Dynamic;

-- ----------------------------
-- Records of quality_file_repository
-- ----------------------------
INSERT INTO `quality_file_repository` VALUES ('08f752ef29b14ae0a92eeb0ea25ea3da', '/443/xionghan1/trans/default/etl61.ktr', '443', 'xionghan1', 'default', 'transformation', 'etl61', 'sdfas', '/443/xionghan1/trans/default', '2019-03-15 11:56:46', '2019-03-21 10:58:01', '2019-03-26 10:18:17', 'Finished');
INSERT INTO `quality_file_repository` VALUES ('104372fb3e12491f89f0212c0a14eb6c', '/528/new88/trans/default/44.ktr', '528', 'new88', 'default', 'transformation', '44', NULL, '/528/new88/trans/default', '2019-03-20 09:50:47', '2019-03-20 10:08:47', NULL, 'Waiting');
INSERT INTO `quality_file_repository` VALUES ('29831a1613b744268b333b5d5661edd8', '/528/new88/trans/default/测速.ktr', '528', 'new88', 'default', 'transformation', '测速', '啊啊啊啊', '/528/new88/trans/default', '2019-03-20 10:09:47', '2019-03-20 10:09:53', NULL, 'Waiting');
INSERT INTO `quality_file_repository` VALUES ('4635fff523624744837c7437ab4ea73a', '/528/new88/trans/default/two.ktr', '528', 'new88', 'default', 'transformation', 'two', NULL, '/528/new88/trans/default', '2019-03-20 14:46:43', '2019-03-20 15:01:49', '2019-03-20 15:02:07', 'Failed');
INSERT INTO `quality_file_repository` VALUES ('523b3268990640f9a04b7c29380f0e0a', '/527/wzl1/trans/default/etl61.ktr', '527', 'wzl1', 'default', 'transformation', 'etl61', NULL, '/527/wzl1/trans/default', '2019-03-20 11:55:16', '2019-03-20 11:55:19', NULL, 'Waiting');
INSERT INTO `quality_file_repository` VALUES ('839c00b19080472da13bedd757395f20', '/528/new88/trans/default/aaaaa.ktr', '528', 'new88', 'default', 'transformation', 'aaaaa', '', '/528/new88/trans/default', '2019-03-20 09:49:07', '2019-03-20 09:49:07', NULL, 'Waiting');
INSERT INTO `quality_file_repository` VALUES ('85d80f3bd3e34e3eb16d5c2806658566', '/528/new88/trans/default/swswww.ktr', '528', 'new88', 'default', 'transformation', 'swswww', NULL, '/528/new88/trans/default', '2019-03-20 11:08:32', '2019-03-20 15:10:17', '2019-03-20 15:10:19', 'Failed');
INSERT INTO `quality_file_repository` VALUES ('98d43a29e8c24fc9a9055afd5704a959', '/528/new88/trans/default/冗余222.ktr', '528', 'new88', 'default', 'transformation', '冗余222', NULL, '/528/new88/trans/default', '2019-03-20 16:43:31', '2019-03-21 15:40:31', '2019-03-21 17:33:35', 'Failed');
INSERT INTO `quality_file_repository` VALUES ('a6ac6835430c42d1b795becc2163f8fc', '/528/new88/trans/default/冗余.ktr', '528', 'new88', 'default', 'transformation', '冗余', NULL, '/528/new88/trans/default', '2019-03-20 16:35:17', '2019-03-21 16:02:45', '2019-03-21 17:41:00', 'Finished');
INSERT INTO `quality_file_repository` VALUES ('aac9323cd7dd497191aa151b6904ce1d', '/528/new88/trans/default/aaa.ktr', '528', 'new88', 'default', 'transformation', 'aaa', '', '/528/new88/trans/default', '2019-03-19 19:34:13', '2019-03-19 19:34:13', NULL, 'Waiting');
INSERT INTO `quality_file_repository` VALUES ('c200c40d27f44559aeb877f66068d8d3', '/528/new88/trans/default/说的.ktr', '528', 'new88', 'default', 'transformation', '说的', NULL, '/528/new88/trans/default', '2019-03-20 10:17:25', '2019-03-21 16:42:55', '2019-03-21 16:42:59', 'Failed');
INSERT INTO `quality_file_repository` VALUES ('d36e1fb33de14ec38199df7aa4e66d52', '/528/new88/trans/default/dddddddd.ktr', '528', 'new88', 'default', 'transformation', 'dddddddd', NULL, '/528/new88/trans/default', '2019-03-21 16:43:33', '2019-03-21 16:43:38', '2019-03-21 17:55:28', 'Finished');
INSERT INTO `quality_file_repository` VALUES ('ef774d22660145a0acaf86ad355bcadb', '/528/new88/trans/default/NEW11分析.ktr', '528', 'new88', 'default', 'transformation', 'NEW11分析', NULL, '/528/new88/trans/default', '2019-03-20 10:49:27', '2019-03-26 10:16:59', '2019-03-20 15:19:08', 'Finished');

-- ----------------------------
-- Table structure for quality_system_settings
-- ----------------------------
DROP TABLE IF EXISTS `quality_system_settings`;
CREATE TABLE `quality_system_settings`  (
  `ID` varchar(255) CHARACTER SET utf8 COLLATE utf8_general_ci NOT NULL,
  `RENTERID` varchar(255) CHARACTER SET utf8 COLLATE utf8_general_ci NULL DEFAULT NULL,
  `KEY` varchar(255) CHARACTER SET utf8 COLLATE utf8_general_ci NULL DEFAULT NULL,
  `VALUE` varchar(255) CHARACTER SET utf8 COLLATE utf8_general_ci NULL DEFAULT NULL,
  `STATUS` varchar(2) CHARACTER SET utf8 COLLATE utf8_general_ci NULL DEFAULT NULL,
  `OPERATOR` varchar(255) CHARACTER SET utf8 COLLATE utf8_general_ci NULL DEFAULT NULL,
  `CREATETIME` datetime(0) NULL DEFAULT NULL,
  `UPDATETIME` datetime(0) NULL DEFAULT NULL,
  `OTHERS` varchar(500) CHARACTER SET utf8 COLLATE utf8_general_ci NULL DEFAULT NULL,
  PRIMARY KEY (`ID`) USING BTREE
) ENGINE = InnoDB CHARACTER SET = utf8 COLLATE = utf8_general_ci ROW_FORMAT = Dynamic;

-- ----------------------------
-- Table structure for seq_table
-- ----------------------------
DROP TABLE IF EXISTS `seq_table`;
CREATE TABLE `seq_table`  (
  `SEQ_NAME` varchar(255) CHARACTER SET utf8 COLLATE utf8_general_ci NOT NULL,
  `SEQ_VALUE` bigint(20) NULL DEFAULT NULL,
  PRIMARY KEY (`SEQ_NAME`) USING BTREE
) ENGINE = InnoDB CHARACTER SET = utf8 COLLATE = utf8_general_ci ROW_FORMAT = Dynamic;

-- ----------------------------
-- Table structure for tbl_nodedict
-- ----------------------------
DROP TABLE IF EXISTS `tbl_nodedict`;
CREATE TABLE `tbl_nodedict`  (
  `id` varchar(255) CHARACTER SET utf8 COLLATE utf8_general_ci NOT NULL,
  `dictName` varchar(255) CHARACTER SET utf8 COLLATE utf8_general_ci NULL DEFAULT NULL,
  `dictDesc` varchar(255) CHARACTER SET utf8 COLLATE utf8_general_ci NULL DEFAULT NULL,
  `addTime` datetime(0) NULL DEFAULT NULL,
  `updateTime` datetime(0) NULL DEFAULT NULL,
  `status` bigint(20) NULL DEFAULT NULL,
  `activeTime` datetime(0) NULL DEFAULT NULL,
  `share` char(1) CHARACTER SET utf8 COLLATE utf8_general_ci NULL DEFAULT NULL,
  `renterId` varchar(255) CHARACTER SET utf8 COLLATE utf8_general_ci NULL DEFAULT NULL,
  `creator` varchar(255) CHARACTER SET utf8 COLLATE utf8_general_ci NULL DEFAULT NULL,
  `modifier` varchar(255) CHARACTER SET utf8 COLLATE utf8_general_ci NULL DEFAULT NULL,
  PRIMARY KEY (`id`) USING BTREE
) ENGINE = InnoDB CHARACTER SET = utf8 COLLATE = utf8_general_ci ROW_FORMAT = Dynamic;

-- ----------------------------
-- Records of tbl_nodedict
-- ----------------------------
INSERT INTO `tbl_nodedict` VALUES ('30653970-4a2b-11e9-9ff0-9132fce81862', 'zhj_dict', '周剑新建同义词', '2019-03-19 17:41:37', '2019-03-19 17:43:21', 1, '2019-03-19 17:43:21', 'N', '527', 'wzl1', 'wzl1');
INSERT INTO `tbl_nodedict` VALUES ('313890b3-4ad9-11e9-941a-fbc0f0484516', 'first', 'first', '2019-03-20 14:27:11', '2019-03-20 14:28:25', 1, '2019-03-20 14:28:25', 'N', '528', 'new88', 'new88');
INSERT INTO `tbl_nodedict` VALUES ('62acd24e-4b84-11e9-b43a-9bd415f01cea', '城市', '中国大城市字典', '2019-03-21 10:52:37', '2019-03-21 10:55:00', 1, '2019-03-21 10:55:00', 'Y', '443', 'xionghan1', 'xionghan1');
INSERT INTO `tbl_nodedict` VALUES ('c2a4632f-4b84-11e9-b43a-9bd415f01cea', '字母', '很多字母表', '2019-03-21 10:55:18', '2019-03-21 10:56:02', 1, '2019-03-21 10:56:02', 'Y', '443', 'xionghan1', 'xionghan1');

-- ----------------------------
-- Table structure for tbl_nodedictdata
-- ----------------------------
DROP TABLE IF EXISTS `tbl_nodedictdata`;
CREATE TABLE `tbl_nodedictdata`  (
  `id` bigint(20) NOT NULL AUTO_INCREMENT,
  `dictId` varchar(255) CHARACTER SET utf8 COLLATE utf8_general_ci NULL DEFAULT NULL,
  `stdVal1` varchar(255) CHARACTER SET utf8 COLLATE utf8_general_ci NULL DEFAULT NULL,
  `simVal2` varchar(255) CHARACTER SET utf8 COLLATE utf8_general_ci NULL DEFAULT NULL,
  `simVal3` varchar(255) CHARACTER SET utf8 COLLATE utf8_general_ci NULL DEFAULT NULL,
  `simVal4` varchar(255) CHARACTER SET utf8 COLLATE utf8_general_ci NULL DEFAULT NULL,
  `simVal5` varchar(255) CHARACTER SET utf8 COLLATE utf8_general_ci NULL DEFAULT NULL,
  `simVal6` varchar(255) CHARACTER SET utf8 COLLATE utf8_general_ci NULL DEFAULT NULL,
  `simVal7` varchar(255) CHARACTER SET utf8 COLLATE utf8_general_ci NULL DEFAULT NULL,
  `simVal8` varchar(255) CHARACTER SET utf8 COLLATE utf8_general_ci NULL DEFAULT NULL,
  `simVal9` varchar(255) CHARACTER SET utf8 COLLATE utf8_general_ci NULL DEFAULT NULL,
  `simVal10` varchar(255) CHARACTER SET utf8 COLLATE utf8_general_ci NULL DEFAULT NULL,
  PRIMARY KEY (`id`) USING BTREE
) ENGINE = InnoDB AUTO_INCREMENT = 16 CHARACTER SET = utf8 COLLATE = utf8_general_ci ROW_FORMAT = Dynamic;

-- ----------------------------
-- Records of tbl_nodedictdata
-- ----------------------------
INSERT INTO `tbl_nodedictdata` VALUES (1, '', 'Card18', 'Card15', NULL, NULL, NULL, NULL, NULL, NULL, NULL, NULL);
INSERT INTO `tbl_nodedictdata` VALUES (2, '', 'NNNNNNNNNNN', 'NNNNNNN', 'NNNN-NNNNNNN', 'NNN-NNNNNNNN', '+86NNNNNNNNNNN', '0086-NNNNNNNNNNN', 'NNNNN', 'NNN', NULL, NULL);
INSERT INTO `tbl_nodedictdata` VALUES (3, '', 'yyyyMMdd', 'yyyy-MM-dd', 'yyyy/MM/dd', 'yyyy年MM月dd日', 'yyyyMMdd HH:mm:ss', 'yyyy-MM-dd HH:mm:ss', 'yyyy/MM/dd HH:mm:ss', 'yyyy年MM月dd日 HH时mm分ss秒', 'HH:mm:ss', 'HH时mm分ss秒');
INSERT INTO `tbl_nodedictdata` VALUES (4, '30653970-4a2b-11e9-9ff0-9132fce81862', '地域虎', '老虎', '小老虎', '美洲虎', '东北虎', '华南虎', NULL, NULL, NULL, NULL);
INSERT INTO `tbl_nodedictdata` VALUES (5, '30653970-4a2b-11e9-9ff0-9132fce81862', '颜色虎', '黑虎', '白虎', '花纹虎', '黄虎', NULL, NULL, NULL, NULL, NULL);
INSERT INTO `tbl_nodedictdata` VALUES (6, '313890b3-4ad9-11e9-941a-fbc0f0484516', 'a', 'w', 'd', 'f', 'wa', 'faw', NULL, NULL, NULL, NULL);
INSERT INTO `tbl_nodedictdata` VALUES (7, '62acd24e-4b84-11e9-b43a-9bd415f01cea', '北京', '北京市', '首都', '大北京', '首都北京', '北了个京', 'beijing', 'bj', 'BJ', NULL);
INSERT INTO `tbl_nodedictdata` VALUES (8, '62acd24e-4b84-11e9-b43a-9bd415f01cea', '深圳', '深圳市', '鹏城', '大深圳', '鹏城深圳', '深了个圳', 'shenzhen', 'sz', 'SZ', NULL);
INSERT INTO `tbl_nodedictdata` VALUES (9, '62acd24e-4b84-11e9-b43a-9bd415f01cea', '上海', '上海市', '魔都', '大上海', '魔都上海', '上了个海', 'shanghai', 'sh', 'SH', NULL);
INSERT INTO `tbl_nodedictdata` VALUES (10, '62acd24e-4b84-11e9-b43a-9bd415f01cea', '重庆', '重庆市', '山城', '大重庆', '山城重庆', '重了个庆', 'chognqing', 'cq', 'CQ', NULL);
INSERT INTO `tbl_nodedictdata` VALUES (11, '62acd24e-4b84-11e9-b43a-9bd415f01cea', '天津', '天津市', '津沽', '大天津', '津沽天津', '天了个津', 'tianjin', 'tj', 'TJ', NULL);
INSERT INTO `tbl_nodedictdata` VALUES (12, 'c2a4632f-4b84-11e9-b43a-9bd415f01cea', '字母A', 'A', 'a', 'aa', 'AA', 'aA', 'Aa', NULL, NULL, NULL);
INSERT INTO `tbl_nodedictdata` VALUES (13, 'c2a4632f-4b84-11e9-b43a-9bd415f01cea', '字母B', 'B', 'b', 'bb', 'BB', 'Bb', 'bB', NULL, NULL, NULL);
INSERT INTO `tbl_nodedictdata` VALUES (14, 'c2a4632f-4b84-11e9-b43a-9bd415f01cea', '字母C', 'C', 'c', 'cc', 'CC', 'Cc', 'cC', NULL, NULL, NULL);
INSERT INTO `tbl_nodedictdata` VALUES (15, 'c2a4632f-4b84-11e9-b43a-9bd415f01cea', '字母D', 'D', 'd', 'dd', 'DD', 'dD', 'Dd', NULL, NULL, NULL);

-- ----------------------------
-- Table structure for tbl_noderecord
-- ----------------------------
DROP TABLE IF EXISTS `tbl_noderecord`;
CREATE TABLE `tbl_noderecord`  (
  `uuid` varchar(255) CHARACTER SET utf8 COLLATE utf8_general_ci NOT NULL,
  `renterId` varchar(255) CHARACTER SET utf8 COLLATE utf8_general_ci NULL DEFAULT NULL,
  `userName` varchar(255) CHARACTER SET utf8 COLLATE utf8_general_ci NULL DEFAULT NULL,
  `analysisName` varchar(255) CHARACTER SET utf8 COLLATE utf8_general_ci NULL DEFAULT NULL,
  `execId` varchar(255) CHARACTER SET utf8 COLLATE utf8_general_ci NULL DEFAULT NULL,
  `nodId` varchar(255) CHARACTER SET utf8 COLLATE utf8_general_ci NULL DEFAULT NULL,
  `nodType` varchar(255) CHARACTER SET utf8 COLLATE utf8_general_ci NULL DEFAULT NULL,
  `succNum` bigint(20) NULL DEFAULT NULL,
  `errNum` bigint(20) NULL DEFAULT NULL,
  `updateTime` datetime(0) NULL DEFAULT NULL,
  PRIMARY KEY (`uuid`) USING BTREE
) ENGINE = InnoDB CHARACTER SET = utf8 COLLATE = utf8_general_ci ROW_FORMAT = Dynamic;

-- ----------------------------
-- Records of tbl_noderecord
-- ----------------------------
INSERT INTO `tbl_noderecord` VALUES ('0f46c21d-4bb5-11e9-ac7a-07664eff9a6a', '528', 'new88', '冗余', 'dda326a9209e471bb4cd20ecab7a27a0', '冗余率', 'REDUNDANCE', 1, 0, '2019-03-21 16:41:03');
INSERT INTO `tbl_noderecord` VALUES ('238ebb59-4bae-11e9-a376-7d3723089875', '528', 'new88', '冗余', '968f94820a2a4802afae439ee620e33f', '冗余率', 'REDUNDANCE', 1, 0, '2019-03-21 15:51:30');
INSERT INTO `tbl_noderecord` VALUES ('27025a70-4b85-11e9-b43a-9bd415f01cea', '443', 'xionghan1', 'etl61', '2aee0786a9074129a02af8745ecb4224', '电话匹配', 'NUMBER', 15, 5, '2019-03-21 10:58:07');
INSERT INTO `tbl_noderecord` VALUES ('270b3416-4b85-11e9-b43a-9bd415f01cea', '443', 'xionghan1', 'etl61', '2aee0786a9074129a02af8745ecb4224', '日期匹配', 'DATE', 20, 0, '2019-03-21 10:58:07');
INSERT INTO `tbl_noderecord` VALUES ('271238f9-4b85-11e9-b43a-9bd415f01cea', '443', 'xionghan1', 'etl61', '2aee0786a9074129a02af8745ecb4224', '标准值匹配', 'CHARACTER', 16, 4, '2019-03-21 10:58:07');
INSERT INTO `tbl_noderecord` VALUES ('2718c8ba-4b85-11e9-b43a-9bd415f01cea', '443', 'xionghan1', 'etl61', '2aee0786a9074129a02af8745ecb4224', '证件匹配', 'CERTIFICATES', 15, 5, '2019-03-21 10:58:07');
INSERT INTO `tbl_noderecord` VALUES ('271df8de-4b85-11e9-b43a-9bd415f01cea', '443', 'xionghan1', 'etl61', '2aee0786a9074129a02af8745ecb4224', '冗余率', 'REDUNDANCE', 1, 0, '2019-03-21 10:58:07');
INSERT INTO `tbl_noderecord` VALUES ('3208e135-4bb4-11e9-ac7a-07664eff9a6a', '528', 'new88', '冗余', 'f7a930038c644d229f9fada54a17dd13', '冗余率', 'REDUNDANCE', 1, 0, '2019-03-21 16:34:52');
INSERT INTO `tbl_noderecord` VALUES ('39250f31-4bb3-11e9-ac7a-07664eff9a6a', '528', 'new88', '冗余', '29d0c6d8bd5c4345a891b523ae7589e4', '冗余率', 'REDUNDANCE', 1, 0, '2019-03-21 16:27:54');
INSERT INTO `tbl_noderecord` VALUES ('3e7aea37-4bb4-11e9-ac7a-07664eff9a6a', '528', 'new88', '冗余', 'ada45601fe164238b3cadb47035b9e4c', '冗余率', 'REDUNDANCE', 1, 0, '2019-03-21 16:35:13');
INSERT INTO `tbl_noderecord` VALUES ('44450adf-4bb5-11e9-ac7a-07664eff9a6a', '528', 'new88', '冗余', '567a3316bdfc4031908dcf1e88b686d4', '冗余率', 'REDUNDANCE', 1, 0, '2019-03-21 16:42:32');
INSERT INTO `tbl_noderecord` VALUES ('4db4df8f-4baf-11e9-a376-7d3723089875', '528', 'new88', '冗余', '0890c8195c004b989be218239121b935', '冗余率', 'REDUNDANCE', 1, 0, '2019-03-21 15:59:51');
INSERT INTO `tbl_noderecord` VALUES ('57b4e469-4bb4-11e9-ac7a-07664eff9a6a', '528', 'new88', '冗余', 'bdd27a9a56ff4d7fb235fbf8ef514236', '冗余率', 'REDUNDANCE', 1, 0, '2019-03-21 16:35:55');
INSERT INTO `tbl_noderecord` VALUES ('6a61b961-4baf-11e9-a376-7d3723089875', '528', 'new88', '冗余', 'aa384282bbbc4f86b2e42953ddf276c2', '冗余率', 'REDUNDANCE', 1, 0, '2019-03-21 16:00:39');
INSERT INTO `tbl_noderecord` VALUES ('6ace124a-4bbe-11e9-8250-e313c85b77ec', '443', 'xionghan1', 'etl61', '90b4d9ab2e34467a868e3fda71a48159', '日期匹配', 'DATE', 20, 0, '2019-03-21 17:48:02');
INSERT INTO `tbl_noderecord` VALUES ('6acfe673-4f6d-11e9-a8e6-755d1b2e0803', '443', 'xionghan1', 'etl61', '7009b2ae8faf477fbd5d06e0e9e25db0', '日期匹配', 'DATE', 20, 0, '2019-03-26 10:18:17');
INSERT INTO `tbl_noderecord` VALUES ('6ad9f896-4f6d-11e9-a8e6-755d1b2e0803', '443', 'xionghan1', 'etl61', '7009b2ae8faf477fbd5d06e0e9e25db0', '电话匹配', 'NUMBER', 15, 5, '2019-03-26 10:18:17');
INSERT INTO `tbl_noderecord` VALUES ('6adb58bd-4bbe-11e9-8250-e313c85b77ec', '443', 'xionghan1', 'etl61', '90b4d9ab2e34467a868e3fda71a48159', '电话匹配', 'NUMBER', 15, 5, '2019-03-21 17:48:02');
INSERT INTO `tbl_noderecord` VALUES ('6ae2841c-4f6d-11e9-a8e6-755d1b2e0803', '443', 'xionghan1', 'etl61', '7009b2ae8faf477fbd5d06e0e9e25db0', '证件匹配', 'CERTIFICATES', 15, 5, '2019-03-26 10:18:18');
INSERT INTO `tbl_noderecord` VALUES ('6ae48083-4bbe-11e9-8250-e313c85b77ec', '443', 'xionghan1', 'etl61', '90b4d9ab2e34467a868e3fda71a48159', '冗余率', 'REDUNDANCE', 1, 0, '2019-03-21 17:48:02');
INSERT INTO `tbl_noderecord` VALUES ('6ae5e015-4bbe-11e9-8250-e313c85b77ec', '443', 'xionghan1', 'etl61', '90b4d9ab2e34467a868e3fda71a48159', '标准值匹配', 'CHARACTER', 16, 4, '2019-03-21 17:48:02');
INSERT INTO `tbl_noderecord` VALUES ('6ae8ecc0-4f6d-11e9-a8e6-755d1b2e0803', '443', 'xionghan1', 'etl61', '7009b2ae8faf477fbd5d06e0e9e25db0', '冗余率', 'REDUNDANCE', 1, 0, '2019-03-26 10:18:18');
INSERT INTO `tbl_noderecord` VALUES ('6ae9b012-4f6d-11e9-a8e6-755d1b2e0803', '443', 'xionghan1', 'etl61', '7009b2ae8faf477fbd5d06e0e9e25db0', '标准值匹配', 'CHARACTER', 16, 4, '2019-03-26 10:18:18');
INSERT INTO `tbl_noderecord` VALUES ('6aeee0d6-4bbe-11e9-8250-e313c85b77ec', '443', 'xionghan1', 'etl61', '90b4d9ab2e34467a868e3fda71a48159', '证件匹配', 'CERTIFICATES', 15, 5, '2019-03-21 17:48:02');
INSERT INTO `tbl_noderecord` VALUES ('6ee7ac1b-4bae-11e9-a376-7d3723089875', '528', 'new88', '冗余', '3d063d8575b34dff909c6260c16ee522', '冗余率', 'REDUNDANCE', 1, 0, '2019-03-21 15:53:37');
INSERT INTO `tbl_noderecord` VALUES ('6f8bde02-4bbd-11e9-ab97-71910d1d890a', '528', 'new88', '冗余', 'cc5c560ea9da4f0d85b9acb10d9bd995', '冗余率', 'REDUNDANCE', 1, 0, '2019-03-21 17:41:00');
INSERT INTO `tbl_noderecord` VALUES ('71850b60-4bbc-11e9-ab97-71910d1d890a', '528', 'new88', '冗余', 'f9d5bbe5aec643dfa0009d20c047e9de', '冗余率', 'REDUNDANCE', 1, 0, '2019-03-21 17:33:54');
INSERT INTO `tbl_noderecord` VALUES ('73a42e48-4ae0-11e9-93a8-95b0438691e1', '528', 'new88', 'NEW11分析', '3e956578cfb84bcaba75814d6e92ad9e', '标准值匹配', 'CHARACTER', 0, 4, '2019-03-20 15:19:09');
INSERT INTO `tbl_noderecord` VALUES ('a2e187c3-4baf-11e9-a376-7d3723089875', '528', 'new88', '冗余', '2b813ca8874440118341669faed1db1d', '冗余率', 'REDUNDANCE', 1, 0, '2019-03-21 16:02:14');
INSERT INTO `tbl_noderecord` VALUES ('b7266f25-4baf-11e9-a376-7d3723089875', '528', 'new88', '冗余', 'ad03e899970740c2a61a9e91555ddb3a', '冗余率', 'REDUNDANCE', 1, 0, '2019-03-21 16:02:48');
INSERT INTO `tbl_noderecord` VALUES ('bce508ed-4bae-11e9-a376-7d3723089875', '528', 'new88', '冗余', '2ddbaf4db008480d8911dc64e36a80a5', '冗余率', 'REDUNDANCE', 1, 0, '2019-03-21 15:55:48');
INSERT INTO `tbl_noderecord` VALUES ('c1fae81a-4bc4-11e9-a1f0-5b6d1b969d64', '443', 'xionghan1', 'etl61', '311eb2898f564cf9ade7b18f5fd18a80', '电话匹配', 'NUMBER', 15, 5, '2019-03-21 18:33:25');
INSERT INTO `tbl_noderecord` VALUES ('c20680e0-4bc4-11e9-a1f0-5b6d1b969d64', '443', 'xionghan1', 'etl61', '311eb2898f564cf9ade7b18f5fd18a80', '日期匹配', 'DATE', 20, 0, '2019-03-21 18:33:25');
INSERT INTO `tbl_noderecord` VALUES ('c20ee553-4bc4-11e9-a1f0-5b6d1b969d64', '443', 'xionghan1', 'etl61', '311eb2898f564cf9ade7b18f5fd18a80', '证件匹配', 'CERTIFICATES', 15, 5, '2019-03-21 18:33:25');
INSERT INTO `tbl_noderecord` VALUES ('c21797e7-4bc4-11e9-a1f0-5b6d1b969d64', '443', 'xionghan1', 'etl61', '311eb2898f564cf9ade7b18f5fd18a80', '冗余率', 'REDUNDANCE', 1, 0, '2019-03-21 18:33:25');
INSERT INTO `tbl_noderecord` VALUES ('c218a959-4bc4-11e9-a1f0-5b6d1b969d64', '443', 'xionghan1', 'etl61', '311eb2898f564cf9ade7b18f5fd18a80', '标准值匹配', 'CHARACTER', 16, 4, '2019-03-21 18:33:27');
INSERT INTO `tbl_noderecord` VALUES ('c5d2da73-4bb3-11e9-ac7a-07664eff9a6a', '528', 'new88', '冗余', '42f58ac34fe2487d8515ec88c89e255b', '冗余率', 'REDUNDANCE', 1, 0, '2019-03-21 16:31:50');
INSERT INTO `tbl_noderecord` VALUES ('c8184e26-4adb-11e9-93a8-95b0438691e1', '528', 'new88', 'NEW11分析', '320bb04829ef488d97e95a436cc03fdc', '标准值匹配', 'CHARACTER', 0, 4, '2019-03-20 14:45:43');
INSERT INTO `tbl_noderecord` VALUES ('d372e5b3-4bbf-11e9-ab50-29bd23168949', '443', 'xionghan1', 'etl61', 'a1c62020c1b94455a263e28096cfa65f', '日期匹配', 'DATE', 20, 0, '2019-03-21 17:58:07');
INSERT INTO `tbl_noderecord` VALUES ('d37e5766-4bbf-11e9-ab50-29bd23168949', '443', 'xionghan1', 'etl61', 'a1c62020c1b94455a263e28096cfa65f', '电话匹配', 'NUMBER', 15, 5, '2019-03-21 17:58:07');
INSERT INTO `tbl_noderecord` VALUES ('d387a63c-4bbf-11e9-ab50-29bd23168949', '443', 'xionghan1', 'etl61', 'a1c62020c1b94455a263e28096cfa65f', '证件匹配', 'CERTIFICATES', 15, 5, '2019-03-21 17:58:07');
INSERT INTO `tbl_noderecord` VALUES ('d392f0e0-4bbf-11e9-ab50-29bd23168949', '443', 'xionghan1', 'etl61', 'a1c62020c1b94455a263e28096cfa65f', '冗余率', 'REDUNDANCE', 1, 0, '2019-03-21 17:58:07');
INSERT INTO `tbl_noderecord` VALUES ('d3940252-4bbf-11e9-ab50-29bd23168949', '443', 'xionghan1', 'etl61', 'a1c62020c1b94455a263e28096cfa65f', '标准值匹配', 'CHARACTER', 16, 4, '2019-03-21 17:58:07');
INSERT INTO `tbl_noderecord` VALUES ('d48b41ca-4bc4-11e9-a1f0-5b6d1b969d64', '443', 'xionghan1', 'etl61', 'eedfd0939c2549d1ac4545e41dfa7be4', '日期匹配', 'DATE', 20, 0, '2019-03-21 18:33:56');
INSERT INTO `tbl_noderecord` VALUES ('d493a63d-4bc4-11e9-a1f0-5b6d1b969d64', '443', 'xionghan1', 'etl61', 'eedfd0939c2549d1ac4545e41dfa7be4', '电话匹配', 'NUMBER', 15, 5, '2019-03-21 18:33:56');
INSERT INTO `tbl_noderecord` VALUES ('d49b9583-4bc4-11e9-a1f0-5b6d1b969d64', '443', 'xionghan1', 'etl61', 'eedfd0939c2549d1ac4545e41dfa7be4', '证件匹配', 'CERTIFICATES', 15, 5, '2019-03-21 18:33:56');
INSERT INTO `tbl_noderecord` VALUES ('d4a30f97-4bc4-11e9-a1f0-5b6d1b969d64', '443', 'xionghan1', 'etl61', 'eedfd0939c2549d1ac4545e41dfa7be4', '冗余率', 'REDUNDANCE', 1, 0, '2019-03-21 18:33:56');
INSERT INTO `tbl_noderecord` VALUES ('d4a46f29-4bc4-11e9-a1f0-5b6d1b969d64', '443', 'xionghan1', 'etl61', 'eedfd0939c2549d1ac4545e41dfa7be4', '标准值匹配', 'CHARACTER', 16, 4, '2019-03-21 18:33:59');
INSERT INTO `tbl_noderecord` VALUES ('df75c504-4bbd-11e9-ab97-71910d1d890a', '443', 'xionghan1', 'etl61', '6d88d921a35e4c8fb8234dddd13716a3', '证件匹配', 'CERTIFICATES', 15, 5, '2019-03-21 17:44:08');
INSERT INTO `tbl_noderecord` VALUES ('df833288-4bbd-11e9-ab97-71910d1d890a', '443', 'xionghan1', 'etl61', '6d88d921a35e4c8fb8234dddd13716a3', '标准值匹配', 'CHARACTER', 16, 4, '2019-03-21 17:44:08');
INSERT INTO `tbl_noderecord` VALUES ('df8e0709-4bbd-11e9-ab97-71910d1d890a', '443', 'xionghan1', 'etl61', '6d88d921a35e4c8fb8234dddd13716a3', '冗余率', 'REDUNDANCE', 1, 0, '2019-03-21 17:44:08');
INSERT INTO `tbl_noderecord` VALUES ('df8ef16b-4bbd-11e9-ab97-71910d1d890a', '443', 'xionghan1', 'etl61', '6d88d921a35e4c8fb8234dddd13716a3', '电话匹配', 'NUMBER', 15, 5, '2019-03-21 17:44:08');
INSERT INTO `tbl_noderecord` VALUES ('df961d61-4bbd-11e9-ab97-71910d1d890a', '443', 'xionghan1', 'etl61', '6d88d921a35e4c8fb8234dddd13716a3', '日期匹配', 'DATE', 20, 0, '2019-03-21 17:44:08');
INSERT INTO `tbl_noderecord` VALUES ('f850e597-4bac-11e9-a376-7d3723089875', '528', 'new88', '冗余', 'c456492abfb545cda59214d3e4d9b28d', '冗余率', 'REDUNDANCE', 1, 0, '2019-03-21 15:43:08');
INSERT INTO `tbl_noderecord` VALUES ('fca0969b-4bb4-11e9-ac7a-07664eff9a6a', '528', 'new88', '冗余', '69e578e7638a44cea1fd6023a71ac13d', '冗余率', 'REDUNDANCE', 1, 0, '2019-03-21 16:40:32');

-- ----------------------------
-- Table structure for tbl_noderesult
-- ----------------------------
DROP TABLE IF EXISTS `tbl_noderesult`;
CREATE TABLE `tbl_noderesult`  (
  `uuid` varchar(255) CHARACTER SET utf8 COLLATE utf8_general_ci NOT NULL,
  `renterId` varchar(255) CHARACTER SET utf8 COLLATE utf8_general_ci NULL DEFAULT NULL,
  `userName` varchar(255) CHARACTER SET utf8 COLLATE utf8_general_ci NULL DEFAULT NULL,
  `analysisName` varchar(255) CHARACTER SET utf8 COLLATE utf8_general_ci NULL DEFAULT NULL,
  `nodId` varchar(255) CHARACTER SET utf8 COLLATE utf8_general_ci NULL DEFAULT NULL,
  `nodeType` varchar(255) CHARACTER SET utf8 COLLATE utf8_general_ci NULL DEFAULT NULL,
  `execId` varchar(255) CHARACTER SET utf8 COLLATE utf8_general_ci NULL DEFAULT NULL,
  `fieldName` varchar(255) CHARACTER SET utf8 COLLATE utf8_general_ci NULL DEFAULT NULL,
  `referenceValue` varchar(255) CHARACTER SET utf8 COLLATE utf8_general_ci NULL DEFAULT NULL,
  `number` bigint(20) NULL DEFAULT NULL,
  `isMatch` char(1) CHARACTER SET utf8 COLLATE utf8_general_ci NULL DEFAULT NULL,
  `updateTime` datetime(0) NULL DEFAULT NULL,
  `optional1` varchar(200) CHARACTER SET utf8 COLLATE utf8_general_ci NULL DEFAULT NULL,
  `optional2` varchar(1000) CHARACTER SET utf8 COLLATE utf8_general_ci NULL DEFAULT NULL,
  PRIMARY KEY (`uuid`) USING BTREE
) ENGINE = InnoDB CHARACTER SET = utf8 COLLATE = utf8_general_ci ROW_FORMAT = Dynamic;

-- ----------------------------
-- Records of tbl_noderesult
-- ----------------------------
INSERT INTO `tbl_noderesult` VALUES ('0f47d38e-4bb5-11e9-ac7a-07664eff9a6a', '528', 'new88', '冗余', '冗余率', 'REDUNDANCE', 'dda326a9209e471bb4cd20ecab7a27a0', 'phone', '表输入', 1133, 'Y', '2019-03-21 16:41:03', '12', '{\"total\":1133,\"noRepeat\":12,\"detailPath\":\"/data/Quality/reposity_renter/528/new88/logs/redundance/dda326a9209e471bb4cd20ecab7a27a0.冗余率\"}');
INSERT INTO `tbl_noderesult` VALUES ('2392da0a-4bae-11e9-a376-7d3723089875', '528', 'new88', '冗余', '冗余率', 'REDUNDANCE', '968f94820a2a4802afae439ee620e33f', 'oldstr', '表输入', 33, 'Y', '2019-03-21 15:51:30', '16', '{\"total\":33,\"noRepeat\":16,\"detailPath\":\"/data/Quality/reposity_renter/528/new88/logs/redundance/968f94820a2a4802afae439ee620e33f.冗余率\"}');
INSERT INTO `tbl_noderesult` VALUES ('27036be1-4b85-11e9-b43a-9bd415f01cea', '443', 'xionghan1', 'etl61', '电话匹配', 'NUMBER', '2aee0786a9074129a02af8745ecb4224', 'phone', 'NNNNNNNNNNN', 12, 'Y', '2019-03-21 10:58:07', NULL, NULL);
INSERT INTO `tbl_noderesult` VALUES ('27042f32-4b85-11e9-b43a-9bd415f01cea', '443', 'xionghan1', 'etl61', '电话匹配', 'NUMBER', '2aee0786a9074129a02af8745ecb4224', 'phone', 'NNN-NNNNNNNN', 3, 'Y', '2019-03-21 10:58:07', NULL, NULL);
INSERT INTO `tbl_noderesult` VALUES ('27065213-4b85-11e9-b43a-9bd415f01cea', '443', 'xionghan1', 'etl61', '电话匹配', 'NUMBER', '2aee0786a9074129a02af8745ecb4224', 'phone', 'EMPTY_VALUE', 2, 'N', '2019-03-21 10:58:07', NULL, NULL);
INSERT INTO `tbl_noderesult` VALUES ('2706c744-4b85-11e9-b43a-9bd415f01cea', '443', 'xionghan1', 'etl61', '电话匹配', 'NUMBER', '2aee0786a9074129a02af8745ecb4224', 'phone', 'NNNNNNNN', 1, 'N', '2019-03-21 10:58:07', NULL, NULL);
INSERT INTO `tbl_noderesult` VALUES ('2707ffc5-4b85-11e9-b43a-9bd415f01cea', '443', 'xionghan1', 'etl61', '电话匹配', 'NUMBER', '2aee0786a9074129a02af8745ecb4224', 'phone', '电话NNNNNNNN', 2, 'N', '2019-03-21 10:58:07', NULL, NULL);
INSERT INTO `tbl_noderesult` VALUES ('270b5b27-4b85-11e9-b43a-9bd415f01cea', '443', 'xionghan1', 'etl61', '日期匹配', 'DATE', '2aee0786a9074129a02af8745ecb4224', 'date', 'yyyy-MM-dd', 17, 'Y', '2019-03-21 10:58:07', NULL, NULL);
INSERT INTO `tbl_noderesult` VALUES ('270e8f78-4b85-11e9-b43a-9bd415f01cea', '443', 'xionghan1', 'etl61', '日期匹配', 'DATE', '2aee0786a9074129a02af8745ecb4224', 'date', 'HH:mm:ss', 3, 'Y', '2019-03-21 10:58:07', NULL, NULL);
INSERT INTO `tbl_noderesult` VALUES ('2712600a-4b85-11e9-b43a-9bd415f01cea', '443', 'xionghan1', 'etl61', '标准值匹配', 'CHARACTER', '2aee0786a9074129a02af8745ecb4224', 'character', '深圳', 1, 'Y', '2019-03-21 10:58:07', '城市', NULL);
INSERT INTO `tbl_noderesult` VALUES ('2712ae2b-4b85-11e9-b43a-9bd415f01cea', '443', 'xionghan1', 'etl61', '标准值匹配', 'CHARACTER', '2aee0786a9074129a02af8745ecb4224', 'character', '北京', 1, 'Y', '2019-03-21 10:58:07', '城市', NULL);
INSERT INTO `tbl_noderesult` VALUES ('2712fc4c-4b85-11e9-b43a-9bd415f01cea', '443', 'xionghan1', 'etl61', '标准值匹配', 'CHARACTER', '2aee0786a9074129a02af8745ecb4224', 'character', '深圳市', 2, 'Y', '2019-03-21 10:58:07', '城市', NULL);
INSERT INTO `tbl_noderesult` VALUES ('27134a6d-4b85-11e9-b43a-9bd415f01cea', '443', 'xionghan1', 'etl61', '标准值匹配', 'CHARACTER', '2aee0786a9074129a02af8745ecb4224', 'character', '大北京', 1, 'Y', '2019-03-21 10:58:07', '城市', NULL);
INSERT INTO `tbl_noderesult` VALUES ('2713717e-4b85-11e9-b43a-9bd415f01cea', '443', 'xionghan1', 'etl61', '标准值匹配', 'CHARACTER', '2aee0786a9074129a02af8745ecb4224', 'character', 'shenzhen', 1, 'Y', '2019-03-21 10:58:07', '城市', NULL);
INSERT INTO `tbl_noderesult` VALUES ('2713bf9f-4b85-11e9-b43a-9bd415f01cea', '443', 'xionghan1', 'etl61', '标准值匹配', 'CHARACTER', '2aee0786a9074129a02af8745ecb4224', 'character', '首都', 1, 'Y', '2019-03-21 10:58:07', '城市', NULL);
INSERT INTO `tbl_noderesult` VALUES ('27140dc0-4b85-11e9-b43a-9bd415f01cea', '443', 'xionghan1', 'etl61', '标准值匹配', 'CHARACTER', '2aee0786a9074129a02af8745ecb4224', 'character', '大深圳', 1, 'Y', '2019-03-21 10:58:07', '城市', NULL);
INSERT INTO `tbl_noderesult` VALUES ('27145be1-4b85-11e9-b43a-9bd415f01cea', '443', 'xionghan1', 'etl61', '标准值匹配', 'CHARACTER', '2aee0786a9074129a02af8745ecb4224', 'character', 'NON_MATCH', 4, 'N', '2019-03-21 10:58:07', '城市', NULL);
INSERT INTO `tbl_noderesult` VALUES ('271482f2-4b85-11e9-b43a-9bd415f01cea', '443', 'xionghan1', 'etl61', '标准值匹配', 'CHARACTER', '2aee0786a9074129a02af8745ecb4224', 'character', '上海', 1, 'Y', '2019-03-21 10:58:07', '城市', NULL);
INSERT INTO `tbl_noderesult` VALUES ('2715bb73-4b85-11e9-b43a-9bd415f01cea', '443', 'xionghan1', 'etl61', '标准值匹配', 'CHARACTER', '2aee0786a9074129a02af8745ecb4224', 'character', 'CQ', 1, 'Y', '2019-03-21 10:58:07', '城市', NULL);
INSERT INTO `tbl_noderesult` VALUES ('271630a4-4b85-11e9-b43a-9bd415f01cea', '443', 'xionghan1', 'etl61', '标准值匹配', 'CHARACTER', '2aee0786a9074129a02af8745ecb4224', 'character', 'tianjin', 1, 'Y', '2019-03-21 10:58:07', '城市', NULL);
INSERT INTO `tbl_noderesult` VALUES ('27167ec5-4b85-11e9-b43a-9bd415f01cea', '443', 'xionghan1', 'etl61', '标准值匹配', 'CHARACTER', '2aee0786a9074129a02af8745ecb4224', 'character', '鹏城', 1, 'Y', '2019-03-21 10:58:07', '城市', NULL);
INSERT INTO `tbl_noderesult` VALUES ('2716cce6-4b85-11e9-b43a-9bd415f01cea', '443', 'xionghan1', 'etl61', '标准值匹配', 'CHARACTER', '2aee0786a9074129a02af8745ecb4224', 'character', '北京市', 1, 'Y', '2019-03-21 10:58:07', '城市', NULL);
INSERT INTO `tbl_noderesult` VALUES ('27174217-4b85-11e9-b43a-9bd415f01cea', '443', 'xionghan1', 'etl61', '标准值匹配', 'CHARACTER', '2aee0786a9074129a02af8745ecb4224', 'character', '上海市', 1, 'Y', '2019-03-21 10:58:07', '城市', NULL);
INSERT INTO `tbl_noderesult` VALUES ('27179038-4b85-11e9-b43a-9bd415f01cea', '443', 'xionghan1', 'etl61', '标准值匹配', 'CHARACTER', '2aee0786a9074129a02af8745ecb4224', 'character', 'SZ', 1, 'Y', '2019-03-21 10:58:07', '城市', NULL);
INSERT INTO `tbl_noderesult` VALUES ('2717de59-4b85-11e9-b43a-9bd415f01cea', '443', 'xionghan1', 'etl61', '标准值匹配', 'CHARACTER', '2aee0786a9074129a02af8745ecb4224', 'character', '大上海', 1, 'Y', '2019-03-21 10:58:07', '城市', NULL);
INSERT INTO `tbl_noderesult` VALUES ('2718efcb-4b85-11e9-b43a-9bd415f01cea', '443', 'xionghan1', 'etl61', '证件匹配', 'CERTIFICATES', '2aee0786a9074129a02af8745ecb4224', 'cardID', 'Card18', 15, 'Y', '2019-03-21 10:58:07', NULL, NULL);
INSERT INTO `tbl_noderesult` VALUES ('271a766c-4b85-11e9-b43a-9bd415f01cea', '443', 'xionghan1', 'etl61', '证件匹配', 'CERTIFICATES', '2aee0786a9074129a02af8745ecb4224', 'cardID', 'NON_MATCH', 4, 'N', '2019-03-21 10:58:07', NULL, NULL);
INSERT INTO `tbl_noderesult` VALUES ('271bfd0d-4b85-11e9-b43a-9bd415f01cea', '443', 'xionghan1', 'etl61', '证件匹配', 'CERTIFICATES', '2aee0786a9074129a02af8745ecb4224', 'cardID', 'EMPTY_VALUE', 1, 'N', '2019-03-21 10:58:07', NULL, NULL);
INSERT INTO `tbl_noderesult` VALUES ('271e1fef-4b85-11e9-b43a-9bd415f01cea', '443', 'xionghan1', 'etl61', '冗余率', 'REDUNDANCE', '2aee0786a9074129a02af8745ecb4224', 'character', '表输入', 20, 'Y', '2019-03-21 10:58:07', '19', '{\"total\":20,\"noRepeat\":19,\"detailPath\":\"/data/Quality/reposity_renter/443/xionghan1/logs/redundance/2aee0786a9074129a02af8745ecb4224.冗余率\"}');
INSERT INTO `tbl_noderesult` VALUES ('3214ef26-4bb4-11e9-ac7a-07664eff9a6a', '528', 'new88', '冗余', '冗余率', 'REDUNDANCE', 'f7a930038c644d229f9fada54a17dd13', 'phone', '表输入', 1133, 'Y', '2019-03-21 16:34:52', '12', '{\"total\":1133,\"noRepeat\":12,\"detailPath\":\"/data/Quality/reposity_renter/528/new88/logs/redundance/f7a930038c644d229f9fada54a17dd13.冗余率\"}');
INSERT INTO `tbl_noderesult` VALUES ('392620a2-4bb3-11e9-ac7a-07664eff9a6a', '528', 'new88', '冗余', '冗余率', 'REDUNDANCE', '29d0c6d8bd5c4345a891b523ae7589e4', 'phone', '表输入', 1133, 'Y', '2019-03-21 16:27:54', '12', '{\"total\":1133,\"noRepeat\":12,\"detailPath\":\"/data/Quality/reposity_renter/528/new88/logs/redundance/29d0c6d8bd5c4345a891b523ae7589e4.冗余率\"}');
INSERT INTO `tbl_noderesult` VALUES ('3e7bfba8-4bb4-11e9-ac7a-07664eff9a6a', '528', 'new88', '冗余', '冗余率', 'REDUNDANCE', 'ada45601fe164238b3cadb47035b9e4c', 'phone', '表输入', 1133, 'Y', '2019-03-21 16:35:13', '12', '{\"total\":1133,\"noRepeat\":12,\"detailPath\":\"/data/Quality/reposity_renter/528/new88/logs/redundance/ada45601fe164238b3cadb47035b9e4c.冗余率\"}');
INSERT INTO `tbl_noderesult` VALUES ('44464360-4bb5-11e9-ac7a-07664eff9a6a', '528', 'new88', '冗余', '冗余率', 'REDUNDANCE', '567a3316bdfc4031908dcf1e88b686d4', 'phone', '表输入', 1133, 'Y', '2019-03-21 16:42:32', '12', '{\"total\":1133,\"noRepeat\":12,\"detailPath\":\"/data/Quality/reposity_renter/528/new88/logs/redundance/567a3316bdfc4031908dcf1e88b686d4.冗余率\"}');
INSERT INTO `tbl_noderesult` VALUES ('4dbef1b0-4baf-11e9-a376-7d3723089875', '528', 'new88', '冗余', '冗余率', 'REDUNDANCE', '0890c8195c004b989be218239121b935', 'id', '表输入', 1250, 'Y', '2019-03-21 15:59:51', '1010', '{\"total\":1250,\"noRepeat\":1010,\"detailPath\":\"/data/Quality/reposity_renter/528/new88/logs/redundance/0890c8195c004b989be218239121b935.冗余率\"}');
INSERT INTO `tbl_noderesult` VALUES ('57b5f5da-4bb4-11e9-ac7a-07664eff9a6a', '528', 'new88', '冗余', '冗余率', 'REDUNDANCE', 'bdd27a9a56ff4d7fb235fbf8ef514236', 'phone', '表输入', 1133, 'Y', '2019-03-21 16:35:55', '12', '{\"total\":1133,\"noRepeat\":12,\"detailPath\":\"/data/Quality/reposity_renter/528/new88/logs/redundance/bdd27a9a56ff4d7fb235fbf8ef514236.冗余率\"}');
INSERT INTO `tbl_noderesult` VALUES ('6a62a3c2-4baf-11e9-a376-7d3723089875', '528', 'new88', '冗余', '冗余率', 'REDUNDANCE', 'aa384282bbbc4f86b2e42953ddf276c2', 'newstr', '表输入', 1250, 'Y', '2019-03-21 16:00:39', '9', '{\"total\":1250,\"noRepeat\":9,\"detailPath\":\"/data/Quality/reposity_renter/528/new88/logs/redundance/aa384282bbbc4f86b2e42953ddf276c2.冗余率\"}');
INSERT INTO `tbl_noderesult` VALUES ('6ad16dab-4bbe-11e9-8250-e313c85b77ec', '443', 'xionghan1', 'etl61', '日期匹配', 'DATE', '90b4d9ab2e34467a868e3fda71a48159', 'date', 'yyyy-MM-dd', 17, 'Y', '2019-03-21 17:48:02', NULL, NULL);
INSERT INTO `tbl_noderesult` VALUES ('6ad25774-4f6d-11e9-a8e6-755d1b2e0803', '443', 'xionghan1', 'etl61', '日期匹配', 'DATE', '7009b2ae8faf477fbd5d06e0e9e25db0', 'date', 'yyyy-MM-dd', 17, 'Y', '2019-03-26 10:18:17', NULL, NULL);
INSERT INTO `tbl_noderesult` VALUES ('6ad67625-4f6d-11e9-a8e6-755d1b2e0803', '443', 'xionghan1', 'etl61', '日期匹配', 'DATE', '7009b2ae8faf477fbd5d06e0e9e25db0', 'date', 'HH:mm:ss', 3, 'Y', '2019-03-26 10:18:17', NULL, NULL);
INSERT INTO `tbl_noderesult` VALUES ('6ad7af3c-4bbe-11e9-8250-e313c85b77ec', '443', 'xionghan1', 'etl61', '日期匹配', 'DATE', '90b4d9ab2e34467a868e3fda71a48159', 'date', 'HH:mm:ss', 3, 'Y', '2019-03-21 17:48:02', NULL, NULL);
INSERT INTO `tbl_noderesult` VALUES ('6ada46b7-4f6d-11e9-a8e6-755d1b2e0803', '443', 'xionghan1', 'etl61', '电话匹配', 'NUMBER', '7009b2ae8faf477fbd5d06e0e9e25db0', 'phone', 'NNNNNNNNNNN', 12, 'Y', '2019-03-26 10:18:17', NULL, NULL);
INSERT INTO `tbl_noderesult` VALUES ('6ada94d8-4f6d-11e9-a8e6-755d1b2e0803', '443', 'xionghan1', 'etl61', '电话匹配', 'NUMBER', '7009b2ae8faf477fbd5d06e0e9e25db0', 'phone', 'NNN-NNNNNNNN', 3, 'Y', '2019-03-26 10:18:17', NULL, NULL);
INSERT INTO `tbl_noderesult` VALUES ('6adb7fce-4bbe-11e9-8250-e313c85b77ec', '443', 'xionghan1', 'etl61', '电话匹配', 'NUMBER', '90b4d9ab2e34467a868e3fda71a48159', 'phone', 'NNNNNNNNNNN', 12, 'Y', '2019-03-21 17:48:02', NULL, NULL);
INSERT INTO `tbl_noderesult` VALUES ('6adbf4ff-4bbe-11e9-8250-e313c85b77ec', '443', 'xionghan1', 'etl61', '电话匹配', 'NUMBER', '90b4d9ab2e34467a868e3fda71a48159', 'phone', 'NNN-NNNNNNNN', 3, 'Y', '2019-03-21 17:48:02', NULL, NULL);
INSERT INTO `tbl_noderesult` VALUES ('6add2ce9-4f6d-11e9-a8e6-755d1b2e0803', '443', 'xionghan1', 'etl61', '电话匹配', 'NUMBER', '7009b2ae8faf477fbd5d06e0e9e25db0', 'phone', 'EMPTY_VALUE', 2, 'N', '2019-03-26 10:18:17', NULL, NULL);
INSERT INTO `tbl_noderesult` VALUES ('6ade8c7a-4f6d-11e9-a8e6-755d1b2e0803', '443', 'xionghan1', 'etl61', '电话匹配', 'NUMBER', '7009b2ae8faf477fbd5d06e0e9e25db0', 'phone', 'NNNNNNNN', 1, 'N', '2019-03-26 10:18:17', NULL, NULL);
INSERT INTO `tbl_noderesult` VALUES ('6ade8d10-4bbe-11e9-8250-e313c85b77ec', '443', 'xionghan1', 'etl61', '电话匹配', 'NUMBER', '90b4d9ab2e34467a868e3fda71a48159', 'phone', 'EMPTY_VALUE', 2, 'N', '2019-03-21 17:48:02', NULL, NULL);
INSERT INTO `tbl_noderesult` VALUES ('6adf7771-4bbe-11e9-8250-e313c85b77ec', '443', 'xionghan1', 'etl61', '电话匹配', 'NUMBER', '90b4d9ab2e34467a868e3fda71a48159', 'phone', 'NNNNNNNN', 1, 'N', '2019-03-21 17:48:02', NULL, NULL);
INSERT INTO `tbl_noderesult` VALUES ('6ae03a2b-4f6d-11e9-a8e6-755d1b2e0803', '443', 'xionghan1', 'etl61', '电话匹配', 'NUMBER', '7009b2ae8faf477fbd5d06e0e9e25db0', 'phone', '电话NNNNNNNN', 2, 'N', '2019-03-26 10:18:17', NULL, NULL);
INSERT INTO `tbl_noderesult` VALUES ('6ae0d702-4bbe-11e9-8250-e313c85b77ec', '443', 'xionghan1', 'etl61', '电话匹配', 'NUMBER', '90b4d9ab2e34467a868e3fda71a48159', 'phone', '电话NNNNNNNN', 2, 'N', '2019-03-21 17:48:02', NULL, NULL);
INSERT INTO `tbl_noderesult` VALUES ('6ae2ab2d-4f6d-11e9-a8e6-755d1b2e0803', '443', 'xionghan1', 'etl61', '证件匹配', 'CERTIFICATES', '7009b2ae8faf477fbd5d06e0e9e25db0', 'cardID', 'Card18', 15, 'Y', '2019-03-26 10:18:18', NULL, NULL);
INSERT INTO `tbl_noderesult` VALUES ('6ae431ce-4f6d-11e9-a8e6-755d1b2e0803', '443', 'xionghan1', 'etl61', '证件匹配', 'CERTIFICATES', '7009b2ae8faf477fbd5d06e0e9e25db0', 'cardID', 'NON_MATCH', 4, 'N', '2019-03-26 10:18:18', NULL, NULL);
INSERT INTO `tbl_noderesult` VALUES ('6ae4f5b4-4bbe-11e9-8250-e313c85b77ec', '443', 'xionghan1', 'etl61', '冗余率', 'REDUNDANCE', '90b4d9ab2e34467a868e3fda71a48159', 'character', '表输入', 20, 'Y', '2019-03-21 17:48:02', '19', '{\"total\":20,\"noRepeat\":19,\"detailPath\":\"/data/Quality/reposity_renter/443/xionghan1/logs/redundance/90b4d9ab2e34467a868e3fda71a48159.冗余率\"}');
INSERT INTO `tbl_noderesult` VALUES ('6ae654af-4f6d-11e9-a8e6-755d1b2e0803', '443', 'xionghan1', 'etl61', '证件匹配', 'CERTIFICATES', '7009b2ae8faf477fbd5d06e0e9e25db0', 'cardID', 'EMPTY_VALUE', 1, 'N', '2019-03-26 10:18:18', NULL, NULL);
INSERT INTO `tbl_noderesult` VALUES ('6ae6ca76-4bbe-11e9-8250-e313c85b77ec', '443', 'xionghan1', 'etl61', '标准值匹配', 'CHARACTER', '90b4d9ab2e34467a868e3fda71a48159', 'character', '深圳', 1, 'Y', '2019-03-21 17:48:02', '城市', NULL);
INSERT INTO `tbl_noderesult` VALUES ('6ae73fa7-4bbe-11e9-8250-e313c85b77ec', '443', 'xionghan1', 'etl61', '标准值匹配', 'CHARACTER', '90b4d9ab2e34467a868e3fda71a48159', 'character', '北京', 1, 'Y', '2019-03-21 17:48:02', '城市', NULL);
INSERT INTO `tbl_noderesult` VALUES ('6ae7b4d8-4bbe-11e9-8250-e313c85b77ec', '443', 'xionghan1', 'etl61', '标准值匹配', 'CHARACTER', '90b4d9ab2e34467a868e3fda71a48159', 'character', '深圳市', 2, 'Y', '2019-03-21 17:48:02', '城市', NULL);
INSERT INTO `tbl_noderesult` VALUES ('6ae802f9-4bbe-11e9-8250-e313c85b77ec', '443', 'xionghan1', 'etl61', '标准值匹配', 'CHARACTER', '90b4d9ab2e34467a868e3fda71a48159', 'character', '大北京', 1, 'Y', '2019-03-21 17:48:02', '城市', NULL);
INSERT INTO `tbl_noderesult` VALUES ('6ae8782a-4bbe-11e9-8250-e313c85b77ec', '443', 'xionghan1', 'etl61', '标准值匹配', 'CHARACTER', '90b4d9ab2e34467a868e3fda71a48159', 'character', 'shenzhen', 1, 'Y', '2019-03-21 17:48:02', '城市', NULL);
INSERT INTO `tbl_noderesult` VALUES ('6ae8ed5b-4bbe-11e9-8250-e313c85b77ec', '443', 'xionghan1', 'etl61', '标准值匹配', 'CHARACTER', '90b4d9ab2e34467a868e3fda71a48159', 'character', '首都', 1, 'Y', '2019-03-21 17:48:02', '城市', NULL);
INSERT INTO `tbl_noderesult` VALUES ('6ae913d1-4f6d-11e9-a8e6-755d1b2e0803', '443', 'xionghan1', 'etl61', '冗余率', 'REDUNDANCE', '7009b2ae8faf477fbd5d06e0e9e25db0', 'character', '表输入', 20, 'Y', '2019-03-26 10:18:18', '19', '{\"total\":20,\"noRepeat\":19,\"detailPath\":\"/data/Quality/reposity_renter/443/xionghan1/logs/redundance/7009b2ae8faf477fbd5d06e0e9e25db0.冗余率\"}');
INSERT INTO `tbl_noderesult` VALUES ('6ae93b7c-4bbe-11e9-8250-e313c85b77ec', '443', 'xionghan1', 'etl61', '标准值匹配', 'CHARACTER', '90b4d9ab2e34467a868e3fda71a48159', 'character', '大深圳', 1, 'Y', '2019-03-21 17:48:02', '城市', NULL);
INSERT INTO `tbl_noderesult` VALUES ('6ae9b0ad-4bbe-11e9-8250-e313c85b77ec', '443', 'xionghan1', 'etl61', '标准值匹配', 'CHARACTER', '90b4d9ab2e34467a868e3fda71a48159', 'character', 'NON_MATCH', 4, 'N', '2019-03-21 17:48:02', '城市', NULL);
INSERT INTO `tbl_noderesult` VALUES ('6ae9d723-4f6d-11e9-a8e6-755d1b2e0803', '443', 'xionghan1', 'etl61', '标准值匹配', 'CHARACTER', '7009b2ae8faf477fbd5d06e0e9e25db0', 'character', '深圳', 1, 'Y', '2019-03-26 10:18:18', '城市', NULL);
INSERT INTO `tbl_noderesult` VALUES ('6aea2544-4f6d-11e9-a8e6-755d1b2e0803', '443', 'xionghan1', 'etl61', '标准值匹配', 'CHARACTER', '7009b2ae8faf477fbd5d06e0e9e25db0', 'character', '北京', 1, 'Y', '2019-03-26 10:18:18', '城市', NULL);
INSERT INTO `tbl_noderesult` VALUES ('6aea25de-4bbe-11e9-8250-e313c85b77ec', '443', 'xionghan1', 'etl61', '标准值匹配', 'CHARACTER', '90b4d9ab2e34467a868e3fda71a48159', 'character', '上海', 1, 'Y', '2019-03-21 17:48:02', '城市', NULL);
INSERT INTO `tbl_noderesult` VALUES ('6aea9a75-4f6d-11e9-a8e6-755d1b2e0803', '443', 'xionghan1', 'etl61', '标准值匹配', 'CHARACTER', '7009b2ae8faf477fbd5d06e0e9e25db0', 'character', '深圳市', 2, 'Y', '2019-03-26 10:18:18', '城市', NULL);
INSERT INTO `tbl_noderesult` VALUES ('6aeae896-4f6d-11e9-a8e6-755d1b2e0803', '443', 'xionghan1', 'etl61', '标准值匹配', 'CHARACTER', '7009b2ae8faf477fbd5d06e0e9e25db0', 'character', '大北京', 1, 'Y', '2019-03-26 10:18:18', '城市', NULL);
INSERT INTO `tbl_noderesult` VALUES ('6aeb36b7-4f6d-11e9-a8e6-755d1b2e0803', '443', 'xionghan1', 'etl61', '标准值匹配', 'CHARACTER', '7009b2ae8faf477fbd5d06e0e9e25db0', 'character', 'shenzhen', 1, 'Y', '2019-03-26 10:18:18', '城市', NULL);
INSERT INTO `tbl_noderesult` VALUES ('6aeb84d8-4f6d-11e9-a8e6-755d1b2e0803', '443', 'xionghan1', 'etl61', '标准值匹配', 'CHARACTER', '7009b2ae8faf477fbd5d06e0e9e25db0', 'character', '首都', 1, 'Y', '2019-03-26 10:18:18', '城市', NULL);
INSERT INTO `tbl_noderesult` VALUES ('6aeb856f-4bbe-11e9-8250-e313c85b77ec', '443', 'xionghan1', 'etl61', '标准值匹配', 'CHARACTER', '90b4d9ab2e34467a868e3fda71a48159', 'character', 'CQ', 1, 'Y', '2019-03-21 17:48:02', '城市', NULL);
INSERT INTO `tbl_noderesult` VALUES ('6aebfaa0-4bbe-11e9-8250-e313c85b77ec', '443', 'xionghan1', 'etl61', '标准值匹配', 'CHARACTER', '90b4d9ab2e34467a868e3fda71a48159', 'character', 'tianjin', 1, 'Y', '2019-03-21 17:48:02', '城市', NULL);
INSERT INTO `tbl_noderesult` VALUES ('6aec6fd1-4bbe-11e9-8250-e313c85b77ec', '443', 'xionghan1', 'etl61', '标准值匹配', 'CHARACTER', '90b4d9ab2e34467a868e3fda71a48159', 'character', '鹏城', 1, 'Y', '2019-03-21 17:48:02', '城市', NULL);
INSERT INTO `tbl_noderesult` VALUES ('6aecbdf2-4bbe-11e9-8250-e313c85b77ec', '443', 'xionghan1', 'etl61', '标准值匹配', 'CHARACTER', '90b4d9ab2e34467a868e3fda71a48159', 'character', '北京市', 1, 'Y', '2019-03-21 17:48:02', '城市', NULL);
INSERT INTO `tbl_noderesult` VALUES ('6aed3323-4bbe-11e9-8250-e313c85b77ec', '443', 'xionghan1', 'etl61', '标准值匹配', 'CHARACTER', '90b4d9ab2e34467a868e3fda71a48159', 'character', '上海市', 1, 'Y', '2019-03-21 17:48:02', '城市', NULL);
INSERT INTO `tbl_noderesult` VALUES ('6aeda854-4bbe-11e9-8250-e313c85b77ec', '443', 'xionghan1', 'etl61', '标准值匹配', 'CHARACTER', '90b4d9ab2e34467a868e3fda71a48159', 'character', 'SZ', 1, 'Y', '2019-03-21 17:48:02', '城市', NULL);
INSERT INTO `tbl_noderesult` VALUES ('6aedf675-4bbe-11e9-8250-e313c85b77ec', '443', 'xionghan1', 'etl61', '标准值匹配', 'CHARACTER', '90b4d9ab2e34467a868e3fda71a48159', 'character', '大上海', 1, 'Y', '2019-03-21 17:48:02', '城市', NULL);
INSERT INTO `tbl_noderesult` VALUES ('6aee9219-4f6d-11e9-a8e6-755d1b2e0803', '443', 'xionghan1', 'etl61', '标准值匹配', 'CHARACTER', '7009b2ae8faf477fbd5d06e0e9e25db0', 'character', '大深圳', 1, 'Y', '2019-03-26 10:18:18', '城市', NULL);
INSERT INTO `tbl_noderesult` VALUES ('6aeee03a-4f6d-11e9-a8e6-755d1b2e0803', '443', 'xionghan1', 'etl61', '标准值匹配', 'CHARACTER', '7009b2ae8faf477fbd5d06e0e9e25db0', 'character', '魔都', 1, 'N', '2019-03-26 10:18:18', '城市', NULL);
INSERT INTO `tbl_noderesult` VALUES ('6aef2e5b-4f6d-11e9-a8e6-755d1b2e0803', '443', 'xionghan1', 'etl61', '标准值匹配', 'CHARACTER', '7009b2ae8faf477fbd5d06e0e9e25db0', 'character', '上海', 1, 'Y', '2019-03-26 10:18:18', '城市', NULL);
INSERT INTO `tbl_noderesult` VALUES ('6aef2ef7-4bbe-11e9-8250-e313c85b77ec', '443', 'xionghan1', 'etl61', '证件匹配', 'CERTIFICATES', '90b4d9ab2e34467a868e3fda71a48159', 'cardID', 'Card18', 15, 'Y', '2019-03-21 17:48:02', NULL, NULL);
INSERT INTO `tbl_noderesult` VALUES ('6aef7c7c-4f6d-11e9-a8e6-755d1b2e0803', '443', 'xionghan1', 'etl61', '标准值匹配', 'CHARACTER', '7009b2ae8faf477fbd5d06e0e9e25db0', 'character', '大深圳市', 1, 'N', '2019-03-26 10:18:18', '城市', NULL);
INSERT INTO `tbl_noderesult` VALUES ('6af018bd-4f6d-11e9-a8e6-755d1b2e0803', '443', 'xionghan1', 'etl61', '标准值匹配', 'CHARACTER', '7009b2ae8faf477fbd5d06e0e9e25db0', 'character', '小渔村', 1, 'N', '2019-03-26 10:18:18', '城市', NULL);
INSERT INTO `tbl_noderesult` VALUES ('6af066de-4f6d-11e9-a8e6-755d1b2e0803', '443', 'xionghan1', 'etl61', '标准值匹配', 'CHARACTER', '7009b2ae8faf477fbd5d06e0e9e25db0', 'character', 'CQ', 1, 'Y', '2019-03-26 10:18:18', '城市', NULL);
INSERT INTO `tbl_noderesult` VALUES ('6af0dc0f-4f6d-11e9-a8e6-755d1b2e0803', '443', 'xionghan1', 'etl61', '标准值匹配', 'CHARACTER', '7009b2ae8faf477fbd5d06e0e9e25db0', 'character', 'tianjin', 1, 'Y', '2019-03-26 10:18:18', '城市', NULL);
INSERT INTO `tbl_noderesult` VALUES ('6af12a30-4f6d-11e9-a8e6-755d1b2e0803', '443', 'xionghan1', 'etl61', '标准值匹配', 'CHARACTER', '7009b2ae8faf477fbd5d06e0e9e25db0', 'character', '鹏城', 1, 'Y', '2019-03-26 10:18:18', '城市', NULL);
INSERT INTO `tbl_noderesult` VALUES ('6af17851-4f6d-11e9-a8e6-755d1b2e0803', '443', 'xionghan1', 'etl61', '标准值匹配', 'CHARACTER', '7009b2ae8faf477fbd5d06e0e9e25db0', 'character', '北京市', 1, 'Y', '2019-03-26 10:18:18', '城市', NULL);
INSERT INTO `tbl_noderesult` VALUES ('6af178e8-4bbe-11e9-8250-e313c85b77ec', '443', 'xionghan1', 'etl61', '证件匹配', 'CERTIFICATES', '90b4d9ab2e34467a868e3fda71a48159', 'cardID', 'NON_MATCH', 4, 'N', '2019-03-21 17:48:02', NULL, NULL);
INSERT INTO `tbl_noderesult` VALUES ('6af1c672-4f6d-11e9-a8e6-755d1b2e0803', '443', 'xionghan1', 'etl61', '标准值匹配', 'CHARACTER', '7009b2ae8faf477fbd5d06e0e9e25db0', 'character', '上海市', 1, 'Y', '2019-03-26 10:18:18', '城市', NULL);
INSERT INTO `tbl_noderesult` VALUES ('6af21493-4f6d-11e9-a8e6-755d1b2e0803', '443', 'xionghan1', 'etl61', '标准值匹配', 'CHARACTER', '7009b2ae8faf477fbd5d06e0e9e25db0', 'character', 'SZ', 1, 'Y', '2019-03-26 10:18:18', '城市', NULL);
INSERT INTO `tbl_noderesult` VALUES ('6af262b4-4f6d-11e9-a8e6-755d1b2e0803', '443', 'xionghan1', 'etl61', '标准值匹配', 'CHARACTER', '7009b2ae8faf477fbd5d06e0e9e25db0', 'character', '大上海', 1, 'Y', '2019-03-26 10:18:18', '城市', NULL);
INSERT INTO `tbl_noderesult` VALUES ('6af2b0d5-4f6d-11e9-a8e6-755d1b2e0803', '443', 'xionghan1', 'etl61', '标准值匹配', 'CHARACTER', '7009b2ae8faf477fbd5d06e0e9e25db0', 'character', '帝都', 1, 'N', '2019-03-26 10:18:18', '城市', NULL);
INSERT INTO `tbl_noderesult` VALUES ('6af410f9-4bbe-11e9-8250-e313c85b77ec', '443', 'xionghan1', 'etl61', '证件匹配', 'CERTIFICATES', '90b4d9ab2e34467a868e3fda71a48159', 'cardID', 'EMPTY_VALUE', 1, 'N', '2019-03-21 17:48:02', NULL, NULL);
INSERT INTO `tbl_noderesult` VALUES ('6eeba3bc-4bae-11e9-a376-7d3723089875', '528', 'new88', '冗余', '冗余率', 'REDUNDANCE', '3d063d8575b34dff909c6260c16ee522', 'oldstr', '表输入', 45, 'Y', '2019-03-21 15:53:37', '16', '{\"total\":45,\"noRepeat\":16,\"detailPath\":\"/data/Quality/reposity_renter/528/new88/logs/redundance/3d063d8575b34dff909c6260c16ee522.冗余率\"}');
INSERT INTO `tbl_noderesult` VALUES ('6f8d3d93-4bbd-11e9-ab97-71910d1d890a', '528', 'new88', '冗余', '冗余率', 'REDUNDANCE', 'cc5c560ea9da4f0d85b9acb10d9bd995', 'phone', '表输入', 1133, 'Y', '2019-03-21 17:41:00', '12', '{\"total\":1133,\"noRepeat\":12,\"detailPath\":\"/data/Quality/reposity_renter/528/new88/logs/redundance/cc5c560ea9da4f0d85b9acb10d9bd995.冗余率\"}');
INSERT INTO `tbl_noderesult` VALUES ('71877c61-4bbc-11e9-ab97-71910d1d890a', '528', 'new88', '冗余', '冗余率', 'REDUNDANCE', 'f9d5bbe5aec643dfa0009d20c047e9de', 'phone', '表输入', 1133, 'Y', '2019-03-21 17:33:54', '12', '{\"total\":1133,\"noRepeat\":12,\"detailPath\":\"/data/Quality/reposity_renter/528/new88/logs/redundance/f9d5bbe5aec643dfa0009d20c047e9de.冗余率\"}');
INSERT INTO `tbl_noderesult` VALUES ('73a53fb9-4ae0-11e9-93a8-95b0438691e1', '528', 'new88', 'NEW11分析', '标准值匹配', 'CHARACTER', '3e956578cfb84bcaba75814d6e92ad9e', 's', 'NON_MATCH', 4, 'N', '2019-03-20 15:19:09', 'first', NULL);
INSERT INTO `tbl_noderesult` VALUES ('a2e35c84-4baf-11e9-a376-7d3723089875', '528', 'new88', '冗余', '冗余率', 'REDUNDANCE', '2b813ca8874440118341669faed1db1d', 'newstr', '表输入', 1132, 'Y', '2019-03-21 16:02:14', '8', '{\"total\":1132,\"noRepeat\":8,\"detailPath\":\"/data/Quality/reposity_renter/528/new88/logs/redundance/2b813ca8874440118341669faed1db1d.冗余率\"}');
INSERT INTO `tbl_noderesult` VALUES ('b7300c16-4baf-11e9-a376-7d3723089875', '528', 'new88', '冗余', '冗余率', 'REDUNDANCE', 'ad03e899970740c2a61a9e91555ddb3a', 'phone', '表输入', 1132, 'Y', '2019-03-21 16:02:48', '11', '{\"total\":1132,\"noRepeat\":11,\"detailPath\":\"/data/Quality/reposity_renter/528/new88/logs/redundance/ad03e899970740c2a61a9e91555ddb3a.冗余率\"}');
INSERT INTO `tbl_noderesult` VALUES ('bce752de-4bae-11e9-a376-7d3723089875', '528', 'new88', '冗余', '冗余率', 'REDUNDANCE', '2ddbaf4db008480d8911dc64e36a80a5', 'phone', '表输入', 1250, 'Y', '2019-03-21 15:55:48', '12', '{\"total\":1250,\"noRepeat\":12,\"detailPath\":\"/data/Quality/reposity_renter/528/new88/logs/redundance/2ddbaf4db008480d8911dc64e36a80a5.冗余率\"}');
INSERT INTO `tbl_noderesult` VALUES ('c1fda73b-4bc4-11e9-a1f0-5b6d1b969d64', '443', 'xionghan1', 'etl61', '电话匹配', 'NUMBER', '311eb2898f564cf9ade7b18f5fd18a80', 'phone', 'NNNNNNNNNNN', 12, 'Y', '2019-03-21 18:33:25', NULL, NULL);
INSERT INTO `tbl_noderesult` VALUES ('c1fe437c-4bc4-11e9-a1f0-5b6d1b969d64', '443', 'xionghan1', 'etl61', '电话匹配', 'NUMBER', '311eb2898f564cf9ade7b18f5fd18a80', 'phone', 'NNN-NNNNNNNN', 3, 'Y', '2019-03-21 18:33:25', NULL, NULL);
INSERT INTO `tbl_noderesult` VALUES ('c201029d-4bc4-11e9-a1f0-5b6d1b969d64', '443', 'xionghan1', 'etl61', '电话匹配', 'NUMBER', '311eb2898f564cf9ade7b18f5fd18a80', 'phone', 'EMPTY_VALUE', 2, 'N', '2019-03-21 18:33:25', NULL, NULL);
INSERT INTO `tbl_noderesult` VALUES ('c2023b1e-4bc4-11e9-a1f0-5b6d1b969d64', '443', 'xionghan1', 'etl61', '电话匹配', 'NUMBER', '311eb2898f564cf9ade7b18f5fd18a80', 'phone', 'NNNNNNNN', 1, 'N', '2019-03-21 18:33:25', NULL, NULL);
INSERT INTO `tbl_noderesult` VALUES ('c203c1bf-4bc4-11e9-a1f0-5b6d1b969d64', '443', 'xionghan1', 'etl61', '电话匹配', 'NUMBER', '311eb2898f564cf9ade7b18f5fd18a80', 'phone', '电话NNNNNNNN', 2, 'N', '2019-03-21 18:33:25', NULL, NULL);
INSERT INTO `tbl_noderesult` VALUES ('c206cf01-4bc4-11e9-a1f0-5b6d1b969d64', '443', 'xionghan1', 'etl61', '日期匹配', 'DATE', '311eb2898f564cf9ade7b18f5fd18a80', 'date', 'yyyy-MM-dd', 17, 'Y', '2019-03-21 18:33:25', NULL, NULL);
INSERT INTO `tbl_noderesult` VALUES ('c20aedb2-4bc4-11e9-a1f0-5b6d1b969d64', '443', 'xionghan1', 'etl61', '日期匹配', 'DATE', '311eb2898f564cf9ade7b18f5fd18a80', 'date', 'HH:mm:ss', 3, 'Y', '2019-03-21 18:33:25', NULL, NULL);
INSERT INTO `tbl_noderesult` VALUES ('c20f5a84-4bc4-11e9-a1f0-5b6d1b969d64', '443', 'xionghan1', 'etl61', '证件匹配', 'CERTIFICATES', '311eb2898f564cf9ade7b18f5fd18a80', 'cardID', 'Card18', 15, 'Y', '2019-03-21 18:33:25', NULL, NULL);
INSERT INTO `tbl_noderesult` VALUES ('c2115655-4bc4-11e9-a1f0-5b6d1b969d64', '443', 'xionghan1', 'etl61', '证件匹配', 'CERTIFICATES', '311eb2898f564cf9ade7b18f5fd18a80', 'cardID', 'NON_MATCH', 4, 'N', '2019-03-21 18:33:25', NULL, NULL);
INSERT INTO `tbl_noderesult` VALUES ('c2146396-4bc4-11e9-a1f0-5b6d1b969d64', '443', 'xionghan1', 'etl61', '证件匹配', 'CERTIFICATES', '311eb2898f564cf9ade7b18f5fd18a80', 'cardID', 'EMPTY_VALUE', 1, 'N', '2019-03-21 18:33:25', NULL, NULL);
INSERT INTO `tbl_noderesult` VALUES ('c217e608-4bc4-11e9-a1f0-5b6d1b969d64', '443', 'xionghan1', 'etl61', '冗余率', 'REDUNDANCE', '311eb2898f564cf9ade7b18f5fd18a80', 'character', '表输入', 20, 'Y', '2019-03-21 18:33:25', '19', '{\"total\":20,\"noRepeat\":19,\"detailPath\":\"/data/Quality/reposity_renter/443/xionghan1/logs/redundance/311eb2898f564cf9ade7b18f5fd18a80.冗余率\"}');
INSERT INTO `tbl_noderesult` VALUES ('c218f77a-4bc4-11e9-a1f0-5b6d1b969d64', '443', 'xionghan1', 'etl61', '标准值匹配', 'CHARACTER', '311eb2898f564cf9ade7b18f5fd18a80', 'character', '深圳', 1, 'Y', '2019-03-21 18:33:25', '城市', NULL);
INSERT INTO `tbl_noderesult` VALUES ('c2309e2b-4bc4-11e9-a1f0-5b6d1b969d64', '443', 'xionghan1', 'etl61', '标准值匹配', 'CHARACTER', '311eb2898f564cf9ade7b18f5fd18a80', 'character', '北京', 1, 'Y', '2019-03-21 18:33:26', '城市', NULL);
INSERT INTO `tbl_noderesult` VALUES ('c24362dc-4bc4-11e9-a1f0-5b6d1b969d64', '443', 'xionghan1', 'etl61', '标准值匹配', 'CHARACTER', '311eb2898f564cf9ade7b18f5fd18a80', 'character', '深圳市', 2, 'Y', '2019-03-21 18:33:26', '城市', NULL);
INSERT INTO `tbl_noderesult` VALUES ('c25e3ddd-4bc4-11e9-a1f0-5b6d1b969d64', '443', 'xionghan1', 'etl61', '标准值匹配', 'CHARACTER', '311eb2898f564cf9ade7b18f5fd18a80', 'character', '大北京', 1, 'Y', '2019-03-21 18:33:26', '城市', NULL);
INSERT INTO `tbl_noderesult` VALUES ('c2640a3e-4bc4-11e9-a1f0-5b6d1b969d64', '443', 'xionghan1', 'etl61', '标准值匹配', 'CHARACTER', '311eb2898f564cf9ade7b18f5fd18a80', 'character', 'shenzhen', 1, 'Y', '2019-03-21 18:33:26', '城市', NULL);
INSERT INTO `tbl_noderesult` VALUES ('c264a67f-4bc4-11e9-a1f0-5b6d1b969d64', '443', 'xionghan1', 'etl61', '标准值匹配', 'CHARACTER', '311eb2898f564cf9ade7b18f5fd18a80', 'character', '首都', 1, 'Y', '2019-03-21 18:33:26', '城市', NULL);
INSERT INTO `tbl_noderesult` VALUES ('c26542c0-4bc4-11e9-a1f0-5b6d1b969d64', '443', 'xionghan1', 'etl61', '标准值匹配', 'CHARACTER', '311eb2898f564cf9ade7b18f5fd18a80', 'character', '大深圳', 1, 'Y', '2019-03-21 18:33:26', '城市', NULL);
INSERT INTO `tbl_noderesult` VALUES ('c265df01-4bc4-11e9-a1f0-5b6d1b969d64', '443', 'xionghan1', 'etl61', '标准值匹配', 'CHARACTER', '311eb2898f564cf9ade7b18f5fd18a80', 'character', 'NON_MATCH', 4, 'N', '2019-03-21 18:33:27', '城市', NULL);
INSERT INTO `tbl_noderesult` VALUES ('c269d6a2-4bc4-11e9-a1f0-5b6d1b969d64', '443', 'xionghan1', 'etl61', '标准值匹配', 'CHARACTER', '311eb2898f564cf9ade7b18f5fd18a80', 'character', '上海', 1, 'Y', '2019-03-21 18:33:26', '城市', NULL);
INSERT INTO `tbl_noderesult` VALUES ('c27bff13-4bc4-11e9-a1f0-5b6d1b969d64', '443', 'xionghan1', 'etl61', '标准值匹配', 'CHARACTER', '311eb2898f564cf9ade7b18f5fd18a80', 'character', 'CQ', 1, 'Y', '2019-03-21 18:33:26', '城市', NULL);
INSERT INTO `tbl_noderesult` VALUES ('c2841564-4bc4-11e9-a1f0-5b6d1b969d64', '443', 'xionghan1', 'etl61', '标准值匹配', 'CHARACTER', '311eb2898f564cf9ade7b18f5fd18a80', 'character', 'tianjin', 1, 'Y', '2019-03-21 18:33:26', '城市', NULL);
INSERT INTO `tbl_noderesult` VALUES ('c29c7f65-4bc4-11e9-a1f0-5b6d1b969d64', '443', 'xionghan1', 'etl61', '标准值匹配', 'CHARACTER', '311eb2898f564cf9ade7b18f5fd18a80', 'character', '鹏城', 1, 'Y', '2019-03-21 18:33:26', '城市', NULL);
INSERT INTO `tbl_noderesult` VALUES ('c29fdac6-4bc4-11e9-a1f0-5b6d1b969d64', '443', 'xionghan1', 'etl61', '标准值匹配', 'CHARACTER', '311eb2898f564cf9ade7b18f5fd18a80', 'character', '北京市', 1, 'Y', '2019-03-21 18:33:26', '城市', NULL);
INSERT INTO `tbl_noderesult` VALUES ('c2a09e17-4bc4-11e9-a1f0-5b6d1b969d64', '443', 'xionghan1', 'etl61', '标准值匹配', 'CHARACTER', '311eb2898f564cf9ade7b18f5fd18a80', 'character', '上海市', 1, 'Y', '2019-03-21 18:33:26', '城市', NULL);
INSERT INTO `tbl_noderesult` VALUES ('c2a90288-4bc4-11e9-a1f0-5b6d1b969d64', '443', 'xionghan1', 'etl61', '标准值匹配', 'CHARACTER', '311eb2898f564cf9ade7b18f5fd18a80', 'character', 'SZ', 1, 'Y', '2019-03-21 18:33:26', '城市', NULL);
INSERT INTO `tbl_noderesult` VALUES ('c2c0f759-4bc4-11e9-a1f0-5b6d1b969d64', '443', 'xionghan1', 'etl61', '标准值匹配', 'CHARACTER', '311eb2898f564cf9ade7b18f5fd18a80', 'character', '大上海', 1, 'Y', '2019-03-21 18:33:26', '城市', NULL);
INSERT INTO `tbl_noderesult` VALUES ('c5d412f4-4bb3-11e9-ac7a-07664eff9a6a', '528', 'new88', '冗余', '冗余率', 'REDUNDANCE', '42f58ac34fe2487d8515ec88c89e255b', 'phone', '表输入', 1133, 'Y', '2019-03-21 16:31:50', '12', '{\"total\":1133,\"noRepeat\":12,\"detailPath\":\"/data/Quality/reposity_renter/528/new88/logs/redundance/42f58ac34fe2487d8515ec88c89e255b.冗余率\"}');
INSERT INTO `tbl_noderesult` VALUES ('c81ae637-4adb-11e9-93a8-95b0438691e1', '528', 'new88', 'NEW11分析', '标准值匹配', 'CHARACTER', '320bb04829ef488d97e95a436cc03fdc', 's', 'NON_MATCH', 4, 'N', '2019-03-20 14:45:43', 'first', NULL);
INSERT INTO `tbl_noderesult` VALUES ('d3757dc4-4bbf-11e9-ab50-29bd23168949', '443', 'xionghan1', 'etl61', '日期匹配', 'DATE', 'a1c62020c1b94455a263e28096cfa65f', 'date', 'yyyy-MM-dd', 17, 'Y', '2019-03-21 17:58:07', NULL, NULL);
INSERT INTO `tbl_noderesult` VALUES ('d37ad4f5-4bbf-11e9-ab50-29bd23168949', '443', 'xionghan1', 'etl61', '日期匹配', 'DATE', 'a1c62020c1b94455a263e28096cfa65f', 'date', 'HH:mm:ss', 3, 'Y', '2019-03-21 17:58:07', NULL, NULL);
INSERT INTO `tbl_noderesult` VALUES ('d37ea587-4bbf-11e9-ab50-29bd23168949', '443', 'xionghan1', 'etl61', '电话匹配', 'NUMBER', 'a1c62020c1b94455a263e28096cfa65f', 'phone', 'NNNNNNNNNNN', 12, 'Y', '2019-03-21 17:58:07', NULL, NULL);
INSERT INTO `tbl_noderesult` VALUES ('d37f1ab8-4bbf-11e9-ab50-29bd23168949', '443', 'xionghan1', 'etl61', '电话匹配', 'NUMBER', 'a1c62020c1b94455a263e28096cfa65f', 'phone', 'NNN-NNNNNNNN', 3, 'Y', '2019-03-21 17:58:07', NULL, NULL);
INSERT INTO `tbl_noderesult` VALUES ('d381b2c9-4bbf-11e9-ab50-29bd23168949', '443', 'xionghan1', 'etl61', '电话匹配', 'NUMBER', 'a1c62020c1b94455a263e28096cfa65f', 'phone', 'EMPTY_VALUE', 2, 'N', '2019-03-21 17:58:07', NULL, NULL);
INSERT INTO `tbl_noderesult` VALUES ('d382761a-4bbf-11e9-ab50-29bd23168949', '443', 'xionghan1', 'etl61', '电话匹配', 'NUMBER', 'a1c62020c1b94455a263e28096cfa65f', 'phone', 'NNNNNNNN', 1, 'N', '2019-03-21 17:58:07', NULL, NULL);
INSERT INTO `tbl_noderesult` VALUES ('d3844adb-4bbf-11e9-ab50-29bd23168949', '443', 'xionghan1', 'etl61', '电话匹配', 'NUMBER', 'a1c62020c1b94455a263e28096cfa65f', 'phone', '电话NNNNNNNN', 2, 'N', '2019-03-21 17:58:07', NULL, NULL);
INSERT INTO `tbl_noderesult` VALUES ('d387f45d-4bbf-11e9-ab50-29bd23168949', '443', 'xionghan1', 'etl61', '证件匹配', 'CERTIFICATES', 'a1c62020c1b94455a263e28096cfa65f', 'cardID', 'Card18', 15, 'Y', '2019-03-21 17:58:07', NULL, NULL);
INSERT INTO `tbl_noderesult` VALUES ('d38ab37e-4bbf-11e9-ab50-29bd23168949', '443', 'xionghan1', 'etl61', '证件匹配', 'CERTIFICATES', 'a1c62020c1b94455a263e28096cfa65f', 'cardID', 'NON_MATCH', 4, 'N', '2019-03-21 17:58:07', NULL, NULL);
INSERT INTO `tbl_noderesult` VALUES ('d38e0edf-4bbf-11e9-ab50-29bd23168949', '443', 'xionghan1', 'etl61', '证件匹配', 'CERTIFICATES', 'a1c62020c1b94455a263e28096cfa65f', 'cardID', 'EMPTY_VALUE', 1, 'N', '2019-03-21 17:58:07', NULL, NULL);
INSERT INTO `tbl_noderesult` VALUES ('d3933f01-4bbf-11e9-ab50-29bd23168949', '443', 'xionghan1', 'etl61', '冗余率', 'REDUNDANCE', 'a1c62020c1b94455a263e28096cfa65f', 'character', '表输入', 20, 'Y', '2019-03-21 17:58:07', '19', '{\"total\":20,\"noRepeat\":19,\"detailPath\":\"/data/Quality/reposity_renter/443/xionghan1/logs/redundance/a1c62020c1b94455a263e28096cfa65f.冗余率\"}');
INSERT INTO `tbl_noderesult` VALUES ('d3947783-4bbf-11e9-ab50-29bd23168949', '443', 'xionghan1', 'etl61', '标准值匹配', 'CHARACTER', 'a1c62020c1b94455a263e28096cfa65f', 'character', '深圳', 1, 'Y', '2019-03-21 17:58:07', '城市', NULL);
INSERT INTO `tbl_noderesult` VALUES ('d394ecb4-4bbf-11e9-ab50-29bd23168949', '443', 'xionghan1', 'etl61', '标准值匹配', 'CHARACTER', 'a1c62020c1b94455a263e28096cfa65f', 'character', '北京', 1, 'Y', '2019-03-21 17:58:07', '城市', NULL);
INSERT INTO `tbl_noderesult` VALUES ('d39561e5-4bbf-11e9-ab50-29bd23168949', '443', 'xionghan1', 'etl61', '标准值匹配', 'CHARACTER', 'a1c62020c1b94455a263e28096cfa65f', 'character', '深圳市', 2, 'Y', '2019-03-21 17:58:07', '城市', NULL);
INSERT INTO `tbl_noderesult` VALUES ('d395d716-4bbf-11e9-ab50-29bd23168949', '443', 'xionghan1', 'etl61', '标准值匹配', 'CHARACTER', 'a1c62020c1b94455a263e28096cfa65f', 'character', '大北京', 1, 'Y', '2019-03-21 17:58:07', '城市', NULL);
INSERT INTO `tbl_noderesult` VALUES ('d3964c47-4bbf-11e9-ab50-29bd23168949', '443', 'xionghan1', 'etl61', '标准值匹配', 'CHARACTER', 'a1c62020c1b94455a263e28096cfa65f', 'character', 'shenzhen', 1, 'Y', '2019-03-21 17:58:07', '城市', NULL);
INSERT INTO `tbl_noderesult` VALUES ('d396c178-4bbf-11e9-ab50-29bd23168949', '443', 'xionghan1', 'etl61', '标准值匹配', 'CHARACTER', 'a1c62020c1b94455a263e28096cfa65f', 'character', '首都', 1, 'Y', '2019-03-21 17:58:07', '城市', NULL);
INSERT INTO `tbl_noderesult` VALUES ('d3970f99-4bbf-11e9-ab50-29bd23168949', '443', 'xionghan1', 'etl61', '标准值匹配', 'CHARACTER', 'a1c62020c1b94455a263e28096cfa65f', 'character', '大深圳', 1, 'Y', '2019-03-21 17:58:07', '城市', NULL);
INSERT INTO `tbl_noderesult` VALUES ('d39784ca-4bbf-11e9-ab50-29bd23168949', '443', 'xionghan1', 'etl61', '标准值匹配', 'CHARACTER', 'a1c62020c1b94455a263e28096cfa65f', 'character', 'NON_MATCH', 4, 'N', '2019-03-21 17:58:07', '城市', NULL);
INSERT INTO `tbl_noderesult` VALUES ('d397f9fb-4bbf-11e9-ab50-29bd23168949', '443', 'xionghan1', 'etl61', '标准值匹配', 'CHARACTER', 'a1c62020c1b94455a263e28096cfa65f', 'character', '上海', 1, 'Y', '2019-03-21 17:58:07', '城市', NULL);
INSERT INTO `tbl_noderesult` VALUES ('d399809c-4bbf-11e9-ab50-29bd23168949', '443', 'xionghan1', 'etl61', '标准值匹配', 'CHARACTER', 'a1c62020c1b94455a263e28096cfa65f', 'character', 'CQ', 1, 'Y', '2019-03-21 17:58:07', '城市', NULL);
INSERT INTO `tbl_noderesult` VALUES ('d399cebd-4bbf-11e9-ab50-29bd23168949', '443', 'xionghan1', 'etl61', '标准值匹配', 'CHARACTER', 'a1c62020c1b94455a263e28096cfa65f', 'character', 'tianjin', 1, 'Y', '2019-03-21 17:58:07', '城市', NULL);
INSERT INTO `tbl_noderesult` VALUES ('d39a43ee-4bbf-11e9-ab50-29bd23168949', '443', 'xionghan1', 'etl61', '标准值匹配', 'CHARACTER', 'a1c62020c1b94455a263e28096cfa65f', 'character', '鹏城', 1, 'Y', '2019-03-21 17:58:07', '城市', NULL);
INSERT INTO `tbl_noderesult` VALUES ('d39ab91f-4bbf-11e9-ab50-29bd23168949', '443', 'xionghan1', 'etl61', '标准值匹配', 'CHARACTER', 'a1c62020c1b94455a263e28096cfa65f', 'character', '北京市', 1, 'Y', '2019-03-21 17:58:07', '城市', NULL);
INSERT INTO `tbl_noderesult` VALUES ('d39b2e50-4bbf-11e9-ab50-29bd23168949', '443', 'xionghan1', 'etl61', '标准值匹配', 'CHARACTER', 'a1c62020c1b94455a263e28096cfa65f', 'character', '上海市', 1, 'Y', '2019-03-21 17:58:07', '城市', NULL);
INSERT INTO `tbl_noderesult` VALUES ('d39ba381-4bbf-11e9-ab50-29bd23168949', '443', 'xionghan1', 'etl61', '标准值匹配', 'CHARACTER', 'a1c62020c1b94455a263e28096cfa65f', 'character', 'SZ', 1, 'Y', '2019-03-21 17:58:07', '城市', NULL);
INSERT INTO `tbl_noderesult` VALUES ('d39c18b2-4bbf-11e9-ab50-29bd23168949', '443', 'xionghan1', 'etl61', '标准值匹配', 'CHARACTER', 'a1c62020c1b94455a263e28096cfa65f', 'character', '大上海', 1, 'Y', '2019-03-21 17:58:07', '城市', NULL);
INSERT INTO `tbl_noderesult` VALUES ('d48ca15b-4bc4-11e9-a1f0-5b6d1b969d64', '443', 'xionghan1', 'etl61', '日期匹配', 'DATE', 'eedfd0939c2549d1ac4545e41dfa7be4', 'date', 'yyyy-MM-dd', 17, 'Y', '2019-03-21 18:33:56', NULL, NULL);
INSERT INTO `tbl_noderesult` VALUES ('d49071ec-4bc4-11e9-a1f0-5b6d1b969d64', '443', 'xionghan1', 'etl61', '日期匹配', 'DATE', 'eedfd0939c2549d1ac4545e41dfa7be4', 'date', 'HH:mm:ss', 3, 'Y', '2019-03-21 18:33:56', NULL, NULL);
INSERT INTO `tbl_noderesult` VALUES ('d493cd4e-4bc4-11e9-a1f0-5b6d1b969d64', '443', 'xionghan1', 'etl61', '电话匹配', 'NUMBER', 'eedfd0939c2549d1ac4545e41dfa7be4', 'phone', 'NNNNNNNNNNN', 12, 'Y', '2019-03-21 18:33:56', NULL, NULL);
INSERT INTO `tbl_noderesult` VALUES ('d494427f-4bc4-11e9-a1f0-5b6d1b969d64', '443', 'xionghan1', 'etl61', '电话匹配', 'NUMBER', 'eedfd0939c2549d1ac4545e41dfa7be4', 'phone', 'NNN-NNNNNNNN', 3, 'Y', '2019-03-21 18:33:56', NULL, NULL);
INSERT INTO `tbl_noderesult` VALUES ('d4968c70-4bc4-11e9-a1f0-5b6d1b969d64', '443', 'xionghan1', 'etl61', '电话匹配', 'NUMBER', 'eedfd0939c2549d1ac4545e41dfa7be4', 'phone', 'EMPTY_VALUE', 2, 'N', '2019-03-21 18:33:56', NULL, NULL);
INSERT INTO `tbl_noderesult` VALUES ('d4974fc1-4bc4-11e9-a1f0-5b6d1b969d64', '443', 'xionghan1', 'etl61', '电话匹配', 'NUMBER', 'eedfd0939c2549d1ac4545e41dfa7be4', 'phone', 'NNNNNNNN', 1, 'N', '2019-03-21 18:33:56', NULL, NULL);
INSERT INTO `tbl_noderesult` VALUES ('d498af52-4bc4-11e9-a1f0-5b6d1b969d64', '443', 'xionghan1', 'etl61', '电话匹配', 'NUMBER', 'eedfd0939c2549d1ac4545e41dfa7be4', 'phone', '电话NNNNNNNN', 2, 'N', '2019-03-21 18:33:56', NULL, NULL);
INSERT INTO `tbl_noderesult` VALUES ('d49bbc94-4bc4-11e9-a1f0-5b6d1b969d64', '443', 'xionghan1', 'etl61', '证件匹配', 'CERTIFICATES', 'eedfd0939c2549d1ac4545e41dfa7be4', 'cardID', 'Card18', 15, 'Y', '2019-03-21 18:33:56', NULL, NULL);
INSERT INTO `tbl_noderesult` VALUES ('d49d6a45-4bc4-11e9-a1f0-5b6d1b969d64', '443', 'xionghan1', 'etl61', '证件匹配', 'CERTIFICATES', 'eedfd0939c2549d1ac4545e41dfa7be4', 'cardID', 'NON_MATCH', 4, 'N', '2019-03-21 18:33:56', NULL, NULL);
INSERT INTO `tbl_noderesult` VALUES ('d4a00256-4bc4-11e9-a1f0-5b6d1b969d64', '443', 'xionghan1', 'etl61', '证件匹配', 'CERTIFICATES', 'eedfd0939c2549d1ac4545e41dfa7be4', 'cardID', 'EMPTY_VALUE', 1, 'N', '2019-03-21 18:33:56', NULL, NULL);
INSERT INTO `tbl_noderesult` VALUES ('d4a336a8-4bc4-11e9-a1f0-5b6d1b969d64', '443', 'xionghan1', 'etl61', '冗余率', 'REDUNDANCE', 'eedfd0939c2549d1ac4545e41dfa7be4', 'character', '表输入', 20, 'Y', '2019-03-21 18:33:56', '19', '{\"total\":20,\"noRepeat\":19,\"detailPath\":\"/data/Quality/reposity_renter/443/xionghan1/logs/redundance/eedfd0939c2549d1ac4545e41dfa7be4.冗余率\"}');
INSERT INTO `tbl_noderesult` VALUES ('d4a4963a-4bc4-11e9-a1f0-5b6d1b969d64', '443', 'xionghan1', 'etl61', '标准值匹配', 'CHARACTER', 'eedfd0939c2549d1ac4545e41dfa7be4', 'character', '深圳', 1, 'Y', '2019-03-21 18:33:56', '城市', NULL);
INSERT INTO `tbl_noderesult` VALUES ('d4be86db-4bc4-11e9-a1f0-5b6d1b969d64', '443', 'xionghan1', 'etl61', '标准值匹配', 'CHARACTER', 'eedfd0939c2549d1ac4545e41dfa7be4', 'character', '北京', 1, 'Y', '2019-03-21 18:33:57', '城市', NULL);
INSERT INTO `tbl_noderesult` VALUES ('d4d8777c-4bc4-11e9-a1f0-5b6d1b969d64', '443', 'xionghan1', 'etl61', '标准值匹配', 'CHARACTER', 'eedfd0939c2549d1ac4545e41dfa7be4', 'character', '深圳市', 2, 'Y', '2019-03-21 18:33:58', '城市', NULL);
INSERT INTO `tbl_noderesult` VALUES ('d4f3527d-4bc4-11e9-a1f0-5b6d1b969d64', '443', 'xionghan1', 'etl61', '标准值匹配', 'CHARACTER', 'eedfd0939c2549d1ac4545e41dfa7be4', 'character', '大北京', 1, 'Y', '2019-03-21 18:33:57', '城市', NULL);
INSERT INTO `tbl_noderesult` VALUES ('d50bbc7e-4bc4-11e9-a1f0-5b6d1b969d64', '443', 'xionghan1', 'etl61', '标准值匹配', 'CHARACTER', 'eedfd0939c2549d1ac4545e41dfa7be4', 'character', 'shenzhen', 1, 'Y', '2019-03-21 18:33:57', '城市', NULL);
INSERT INTO `tbl_noderesult` VALUES ('d5255eff-4bc4-11e9-a1f0-5b6d1b969d64', '443', 'xionghan1', 'etl61', '标准值匹配', 'CHARACTER', 'eedfd0939c2549d1ac4545e41dfa7be4', 'character', '首都', 1, 'Y', '2019-03-21 18:33:57', '城市', NULL);
INSERT INTO `tbl_noderesult` VALUES ('d53f0180-4bc4-11e9-a1f0-5b6d1b969d64', '443', 'xionghan1', 'etl61', '标准值匹配', 'CHARACTER', 'eedfd0939c2549d1ac4545e41dfa7be4', 'character', '大深圳', 1, 'Y', '2019-03-21 18:33:57', '城市', NULL);
INSERT INTO `tbl_noderesult` VALUES ('d55855e1-4bc4-11e9-a1f0-5b6d1b969d64', '443', 'xionghan1', 'etl61', '标准值匹配', 'CHARACTER', 'eedfd0939c2549d1ac4545e41dfa7be4', 'character', 'NON_MATCH', 4, 'N', '2019-03-21 18:33:59', '城市', NULL);
INSERT INTO `tbl_noderesult` VALUES ('d571aa42-4bc4-11e9-a1f0-5b6d1b969d64', '443', 'xionghan1', 'etl61', '标准值匹配', 'CHARACTER', 'eedfd0939c2549d1ac4545e41dfa7be4', 'character', '上海', 1, 'Y', '2019-03-21 18:33:58', '城市', NULL);
INSERT INTO `tbl_noderesult` VALUES ('d5d91ea3-4bc4-11e9-a1f0-5b6d1b969d64', '443', 'xionghan1', 'etl61', '标准值匹配', 'CHARACTER', 'eedfd0939c2549d1ac4545e41dfa7be4', 'character', 'CQ', 1, 'Y', '2019-03-21 18:33:58', '城市', NULL);
INSERT INTO `tbl_noderesult` VALUES ('d5f33654-4bc4-11e9-a1f0-5b6d1b969d64', '443', 'xionghan1', 'etl61', '标准值匹配', 'CHARACTER', 'eedfd0939c2549d1ac4545e41dfa7be4', 'character', 'tianjin', 1, 'Y', '2019-03-21 18:33:59', '城市', NULL);
INSERT INTO `tbl_noderesult` VALUES ('d60d7515-4bc4-11e9-a1f0-5b6d1b969d64', '443', 'xionghan1', 'etl61', '标准值匹配', 'CHARACTER', 'eedfd0939c2549d1ac4545e41dfa7be4', 'character', '鹏城', 1, 'Y', '2019-03-21 18:33:59', '城市', NULL);
INSERT INTO `tbl_noderesult` VALUES ('d6271796-4bc4-11e9-a1f0-5b6d1b969d64', '443', 'xionghan1', 'etl61', '标准值匹配', 'CHARACTER', 'eedfd0939c2549d1ac4545e41dfa7be4', 'character', '北京市', 1, 'Y', '2019-03-21 18:33:59', '城市', NULL);
INSERT INTO `tbl_noderesult` VALUES ('d62d5927-4bc4-11e9-a1f0-5b6d1b969d64', '443', 'xionghan1', 'etl61', '标准值匹配', 'CHARACTER', 'eedfd0939c2549d1ac4545e41dfa7be4', 'character', '上海市', 1, 'Y', '2019-03-21 18:33:59', '城市', NULL);
INSERT INTO `tbl_noderesult` VALUES ('d63b62e8-4bc4-11e9-a1f0-5b6d1b969d64', '443', 'xionghan1', 'etl61', '标准值匹配', 'CHARACTER', 'eedfd0939c2549d1ac4545e41dfa7be4', 'character', 'SZ', 1, 'Y', '2019-03-21 18:33:59', '城市', NULL);
INSERT INTO `tbl_noderesult` VALUES ('d649e1d9-4bc4-11e9-a1f0-5b6d1b969d64', '443', 'xionghan1', 'etl61', '标准值匹配', 'CHARACTER', 'eedfd0939c2549d1ac4545e41dfa7be4', 'character', '大上海', 1, 'Y', '2019-03-21 18:33:59', '城市', NULL);
INSERT INTO `tbl_noderesult` VALUES ('df794775-4bbd-11e9-ab97-71910d1d890a', '443', 'xionghan1', 'etl61', '证件匹配', 'CERTIFICATES', '6d88d921a35e4c8fb8234dddd13716a3', 'cardID', 'Card18', 15, 'Y', '2019-03-21 17:44:08', NULL, NULL);
INSERT INTO `tbl_noderesult` VALUES ('df7c2da6-4bbd-11e9-ab97-71910d1d890a', '443', 'xionghan1', 'etl61', '证件匹配', 'CERTIFICATES', '6d88d921a35e4c8fb8234dddd13716a3', 'cardID', 'NON_MATCH', 4, 'N', '2019-03-21 17:44:08', NULL, NULL);
INSERT INTO `tbl_noderesult` VALUES ('df7f13d7-4bbd-11e9-ab97-71910d1d890a', '443', 'xionghan1', 'etl61', '证件匹配', 'CERTIFICATES', '6d88d921a35e4c8fb8234dddd13716a3', 'cardID', 'EMPTY_VALUE', 1, 'N', '2019-03-21 17:44:08', NULL, NULL);
INSERT INTO `tbl_noderesult` VALUES ('df8380a9-4bbd-11e9-ab97-71910d1d890a', '443', 'xionghan1', 'etl61', '标准值匹配', 'CHARACTER', '6d88d921a35e4c8fb8234dddd13716a3', 'character', '深圳', 1, 'Y', '2019-03-21 17:44:08', '城市', NULL);
INSERT INTO `tbl_noderesult` VALUES ('df8443fa-4bbd-11e9-ab97-71910d1d890a', '443', 'xionghan1', 'etl61', '标准值匹配', 'CHARACTER', '6d88d921a35e4c8fb8234dddd13716a3', 'character', '北京', 1, 'Y', '2019-03-21 17:44:08', '城市', NULL);
INSERT INTO `tbl_noderesult` VALUES ('df84e03b-4bbd-11e9-ab97-71910d1d890a', '443', 'xionghan1', 'etl61', '标准值匹配', 'CHARACTER', '6d88d921a35e4c8fb8234dddd13716a3', 'character', '深圳市', 2, 'Y', '2019-03-21 17:44:08', '城市', NULL);
INSERT INTO `tbl_noderesult` VALUES ('df857c7c-4bbd-11e9-ab97-71910d1d890a', '443', 'xionghan1', 'etl61', '标准值匹配', 'CHARACTER', '6d88d921a35e4c8fb8234dddd13716a3', 'character', '大北京', 1, 'Y', '2019-03-21 17:44:08', '城市', NULL);
INSERT INTO `tbl_noderesult` VALUES ('df8618bd-4bbd-11e9-ab97-71910d1d890a', '443', 'xionghan1', 'etl61', '标准值匹配', 'CHARACTER', '6d88d921a35e4c8fb8234dddd13716a3', 'character', 'shenzhen', 1, 'Y', '2019-03-21 17:44:08', '城市', NULL);
INSERT INTO `tbl_noderesult` VALUES ('df86dc0e-4bbd-11e9-ab97-71910d1d890a', '443', 'xionghan1', 'etl61', '标准值匹配', 'CHARACTER', '6d88d921a35e4c8fb8234dddd13716a3', 'character', '首都', 1, 'Y', '2019-03-21 17:44:08', '城市', NULL);
INSERT INTO `tbl_noderesult` VALUES ('df879f5f-4bbd-11e9-ab97-71910d1d890a', '443', 'xionghan1', 'etl61', '标准值匹配', 'CHARACTER', '6d88d921a35e4c8fb8234dddd13716a3', 'character', '大深圳', 1, 'Y', '2019-03-21 17:44:08', '城市', NULL);
INSERT INTO `tbl_noderesult` VALUES ('df883aa0-4bbd-11e9-ab97-71910d1d890a', '443', 'xionghan1', 'etl61', '标准值匹配', 'CHARACTER', '6d88d921a35e4c8fb8234dddd13716a3', 'character', 'NON_MATCH', 4, 'N', '2019-03-21 17:44:08', '城市', NULL);
INSERT INTO `tbl_noderesult` VALUES ('df88d6e1-4bbd-11e9-ab97-71910d1d890a', '443', 'xionghan1', 'etl61', '标准值匹配', 'CHARACTER', '6d88d921a35e4c8fb8234dddd13716a3', 'character', '上海', 1, 'Y', '2019-03-21 17:44:08', '城市', NULL);
INSERT INTO `tbl_noderesult` VALUES ('df8a5d82-4bbd-11e9-ab97-71910d1d890a', '443', 'xionghan1', 'etl61', '标准值匹配', 'CHARACTER', '6d88d921a35e4c8fb8234dddd13716a3', 'character', 'CQ', 1, 'Y', '2019-03-21 17:44:08', '城市', NULL);
INSERT INTO `tbl_noderesult` VALUES ('df8ad2b3-4bbd-11e9-ab97-71910d1d890a', '443', 'xionghan1', 'etl61', '标准值匹配', 'CHARACTER', '6d88d921a35e4c8fb8234dddd13716a3', 'character', 'tianjin', 1, 'Y', '2019-03-21 17:44:08', '城市', NULL);
INSERT INTO `tbl_noderesult` VALUES ('df8b20d4-4bbd-11e9-ab97-71910d1d890a', '443', 'xionghan1', 'etl61', '标准值匹配', 'CHARACTER', '6d88d921a35e4c8fb8234dddd13716a3', 'character', '鹏城', 1, 'Y', '2019-03-21 17:44:08', '城市', NULL);
INSERT INTO `tbl_noderesult` VALUES ('df8be425-4bbd-11e9-ab97-71910d1d890a', '443', 'xionghan1', 'etl61', '标准值匹配', 'CHARACTER', '6d88d921a35e4c8fb8234dddd13716a3', 'character', '北京市', 1, 'Y', '2019-03-21 17:44:08', '城市', NULL);
INSERT INTO `tbl_noderesult` VALUES ('df8c3246-4bbd-11e9-ab97-71910d1d890a', '443', 'xionghan1', 'etl61', '标准值匹配', 'CHARACTER', '6d88d921a35e4c8fb8234dddd13716a3', 'character', '上海市', 1, 'Y', '2019-03-21 17:44:08', '城市', NULL);
INSERT INTO `tbl_noderesult` VALUES ('df8ca777-4bbd-11e9-ab97-71910d1d890a', '443', 'xionghan1', 'etl61', '标准值匹配', 'CHARACTER', '6d88d921a35e4c8fb8234dddd13716a3', 'character', 'SZ', 1, 'Y', '2019-03-21 17:44:08', '城市', NULL);
INSERT INTO `tbl_noderesult` VALUES ('df8d1ca8-4bbd-11e9-ab97-71910d1d890a', '443', 'xionghan1', 'etl61', '标准值匹配', 'CHARACTER', '6d88d921a35e4c8fb8234dddd13716a3', 'character', '大上海', 1, 'Y', '2019-03-21 17:44:08', '城市', NULL);
INSERT INTO `tbl_noderesult` VALUES ('df8e2e1a-4bbd-11e9-ab97-71910d1d890a', '443', 'xionghan1', 'etl61', '冗余率', 'REDUNDANCE', '6d88d921a35e4c8fb8234dddd13716a3', 'character', '表输入', 20, 'Y', '2019-03-21 17:44:08', '19', '{\"total\":20,\"noRepeat\":19,\"detailPath\":\"/data/Quality/reposity_renter/443/xionghan1/logs/redundance/6d88d921a35e4c8fb8234dddd13716a3.冗余率\"}');
INSERT INTO `tbl_noderesult` VALUES ('df8f187c-4bbd-11e9-ab97-71910d1d890a', '443', 'xionghan1', 'etl61', '电话匹配', 'NUMBER', '6d88d921a35e4c8fb8234dddd13716a3', 'phone', 'NNNNNNNNNNN', 12, 'Y', '2019-03-21 17:44:08', NULL, NULL);
INSERT INTO `tbl_noderesult` VALUES ('df8f8dad-4bbd-11e9-ab97-71910d1d890a', '443', 'xionghan1', 'etl61', '电话匹配', 'NUMBER', '6d88d921a35e4c8fb8234dddd13716a3', 'phone', 'NNN-NNNNNNNN', 3, 'Y', '2019-03-21 17:44:08', NULL, NULL);
INSERT INTO `tbl_noderesult` VALUES ('df91d79e-4bbd-11e9-ab97-71910d1d890a', '443', 'xionghan1', 'etl61', '电话匹配', 'NUMBER', '6d88d921a35e4c8fb8234dddd13716a3', 'phone', 'EMPTY_VALUE', 2, 'N', '2019-03-21 17:44:08', NULL, NULL);
INSERT INTO `tbl_noderesult` VALUES ('df929aef-4bbd-11e9-ab97-71910d1d890a', '443', 'xionghan1', 'etl61', '电话匹配', 'NUMBER', '6d88d921a35e4c8fb8234dddd13716a3', 'phone', 'NNNNNNNN', 1, 'N', '2019-03-21 17:44:08', NULL, NULL);
INSERT INTO `tbl_noderesult` VALUES ('df93fa80-4bbd-11e9-ab97-71910d1d890a', '443', 'xionghan1', 'etl61', '电话匹配', 'NUMBER', '6d88d921a35e4c8fb8234dddd13716a3', 'phone', '电话NNNNNNNN', 2, 'N', '2019-03-21 17:44:08', NULL, NULL);
INSERT INTO `tbl_noderesult` VALUES ('df966b82-4bbd-11e9-ab97-71910d1d890a', '443', 'xionghan1', 'etl61', '日期匹配', 'DATE', '6d88d921a35e4c8fb8234dddd13716a3', 'date', 'yyyy-MM-dd', 17, 'Y', '2019-03-21 17:44:08', NULL, NULL);
INSERT INTO `tbl_noderesult` VALUES ('df99edf3-4bbd-11e9-ab97-71910d1d890a', '443', 'xionghan1', 'etl61', '日期匹配', 'DATE', '6d88d921a35e4c8fb8234dddd13716a3', 'date', 'HH:mm:ss', 3, 'Y', '2019-03-21 17:44:08', NULL, NULL);
INSERT INTO `tbl_noderesult` VALUES ('f8532f88-4bac-11e9-a376-7d3723089875', '528', 'new88', '冗余', '冗余率', 'REDUNDANCE', 'c456492abfb545cda59214d3e4d9b28d', 'oldstr', '表输入', 21, 'Y', '2019-03-21 15:43:08', '4', '{\"total\":21,\"noRepeat\":4,\"detailPath\":\"/data/Quality/reposity_renter/528/new88/logs/redundance/c456492abfb545cda59214d3e4d9b28d.冗余率\"}');
INSERT INTO `tbl_noderesult` VALUES ('fca1a80c-4bb4-11e9-ac7a-07664eff9a6a', '528', 'new88', '冗余', '冗余率', 'REDUNDANCE', '69e578e7638a44cea1fd6023a71ac13d', 'phone', '表输入', 1133, 'Y', '2019-03-21 16:40:32', '12', '{\"total\":1133,\"noRepeat\":12,\"detailPath\":\"/data/Quality/reposity_renter/528/new88/logs/redundance/69e578e7638a44cea1fd6023a71ac13d.冗余率\"}');

SET FOREIGN_KEY_CHECKS = 1;
